ID,Average of retweet_count,Average of favorite_count,bot_type,#of_friends,#of_followers,status_num,default_profile,geo_enabled,default_profile_image
7732472,0.86,0.164,spam bot,42,2743,1246,0,1,0
14938781,0.032,0.024,spam bot,1567,925,368,0,1,0
15947185,17.316,3.156,spam bot,135201,341492,126668,0,1,0
17640121,1927.801587,0.119047619,fake_follower,229,31,128,0,1,0
21479515,0,0,spam bot,282,341,213,0,1,0
21479634,0,0,spam bot,283,299,208,0,1,0
21479977,0.00462963,0.00462963,spam bot,278,288,217,0,1,0
21480027,0,0.004694836,spam bot,279,278,214,0,1,0
21484370,0,0.004608295,spam bot,280,289,218,0,1,0
21629735,0,0,spam bot,279,301,205,0,1,0
21696097,0,0,spam bot,281,280,218,0,1,0
21723832,0,0,spam bot,281,312,214,0,1,0
21967510,0,0,spam bot,320,354,213,0,1,0
22030724,0,0.012048193,spam bot,213,230,303,0,1,0
22256645,457.804,1025.012,spam bot,175539,4294576,34553,0,1,0
22293089,0.004,0.008,spam bot,0,404,701,0,1,0
22578323,0,0,spam bot,170,221,103,0,1,0
22597402,0.8,1.8,spam bot,6353,4153,10,1,0,1
22663627,0.004901961,0.004901961,spam bot,276,287,205,0,1,0
22728442,0.009345794,0.004672897,spam bot,163,211,215,0,1,0
22930291,0,0.004,spam bot,217,513,720,0,1,0
23140706,0,0.005882353,spam bot,289,687,224,0,1,0
23162965,0,0.010638298,spam bot,276,280,94,0,1,0
23222296,0.100840336,0,spam bot,173,216,119,0,1,0
23225490,0.102564103,0,spam bot,177,235,41,0,1,0
23257723,0,0,spam bot,171,203,12,0,1,0
23258239,0.068965517,0.009852217,spam bot,172,223,205,0,1,0
23264565,0.142857143,0.142857143,spam bot,164,236,15,0,1,0
23504921,0,0,spam bot,276,329,671,0,1,0
24213618,0.004,0.052,spam bot,217,365,605,0,1,0
24222336,0,0,spam bot,0,299,667,0,1,0
24224607,0,0.02,spam bot,242,688,729,0,1,0
24315455,0,0.008,spam bot,0,494,624,0,1,0
24317752,0,0.004,spam bot,221,329,629,0,1,0
24321441,0,0,spam bot,233,251,225,0,1,0
24385142,0,0.028,spam bot,215,366,655,0,1,0
24387166,0,0,spam bot,215,240,221,0,1,0
24601131,0.043478261,0,spam bot,175,213,23,0,1,0
24602801,0,0.004,spam bot,218,291,468,0,1,0
25006080,0.004,0.004,spam bot,275,370,618,0,1,0
25060110,0,0,spam bot,196,226,226,0,1,0
25449898,0.004,0,spam bot,218,240,335,0,1,0
25775049,0,0,spam bot,296,326,198,0,1,0
27159435,3272.086957,0,spam bot,1583,392,23,1,0,0
28587018,0,0.25,spam bot,64,71,12,0,0,0
30428221,93.3815261,0.128514056,fake_follower,298,101,805,1,1,0
30969945,0,0.011494253,spam bot,212,274,87,0,1,0
31228692,48.6875,0.333333333,spam bot,5134,4613,96,1,0,0
33633835,0.004,0.008,spam bot,214,336,763,0,1,0
33869550,5082.666667,0.111111111,fake_follower,96,21,9,1,0,0
33877660,0,0.008658009,spam bot,213,263,235,0,1,0
34589722,0,2,fake_follower,0,15,1,1,0,0
35008954,0,0.012,fake_follower,0,9,358,1,0,0
35959749,423.996,12.56,fake_follower,2162,6422,17488,0,0,0
36477176,0.15,0.0375,spam bot,592,113,80,0,0,0
37302537,0,0,spam bot,282,285,201,0,1,0
37369373,0,0,spam bot,221,265,444,0,1,0
37384589,6347.377358,0,fake_follower,38,39,516,0,0,0
37935992,0.004,0.012,spam bot,0,1005,1759,0,1,0
37983502,0.012,0.004,spam bot,0,462,812,0,1,0
38039576,0.008,0,spam bot,0,456,811,0,1,0
38054032,0,0.004,spam bot,476,508,695,0,1,0
38054164,0.008,0,spam bot,487,430,281,0,1,0
38081689,0,0.008,spam bot,474,388,595,0,1,0
38106309,0.004,0.048,spam bot,471,476,807,0,0,0
38106485,0.064,0.004,spam bot,0,581,592,0,1,0
38106903,0.004,0.008,spam bot,0,451,671,0,1,0
38107317,0,0.056,spam bot,475,420,680,0,1,0
38164107,0,0.004,spam bot,0,533,929,0,1,0
38191818,0.004,0,spam bot,0,448,644,0,1,0
38211602,0,0.004,spam bot,0,389,640,0,1,0
38212146,0.004,0.004,spam bot,0,408,601,0,1,0
38962259,0,0,spam bot,1418,616,452,0,0,0
39156016,0,0,spam bot,0,513,964,0,1,0
40010436,0,0.384615385,fake_follower,159,19,13,0,0,0
41620770,0,0,spam bot,0,506,678,0,1,0
41638585,0,0.004,spam bot,0,421,469,0,1,0
41638698,0.012,0.008,spam bot,0,629,1128,0,0,0
41655099,0,0.016,spam bot,0,445,753,0,0,0
41670875,0.028,0.012,spam bot,0,397,547,0,1,0
41678763,0.166666667,0.833333333,spam bot,0,1594,6,1,0,0
41686590,0,0.012,spam bot,0,421,685,0,1,0
41982078,0.008,0.012,spam bot,500,558,722,0,1,0
42157433,0.004,0.02,spam bot,432,464,307,0,1,0
42157628,0.008,0.008,spam bot,432,788,958,0,1,0
43258850,0.012,0.032,spam bot,478,738,2659,0,1,0
43259836,0.004291845,0.004291845,spam bot,471,408,237,0,1,0
43747581,0.034246575,0.04109589,spam bot,1056,423,146,0,0,1
44191269,0,0,spam bot,1469,565,16,1,0,0
45804432,0,0,spam bot,611,97,1,1,0,0
47678112,0.5,0,spam bot,3938,2760,14,1,0,0
47722321,0.333333333,0.222222222,fake_follower,0,9,9,1,0,0
48638750,0.172,1.092,fake_follower,1127,152,507,0,0,0
48712444,0.184738956,0,spam bot,2286,2904,3843,0,0,0
49270232,0,0,spam bot,1427,123,3,1,0,0
49588893,0,0.5,spam bot,1475,118,2,1,0,0
49669394,0,0,spam bot,336,35,2,1,0,0
49772550,0,0,spam bot,971,76,2,1,0,0
49853823,0,0.012,spam bot,249,203,616,0,1,0
49949709,0,0,spam bot,578,63,2,1,0,0
50346336,9.654618474,0.012048193,spam bot,0,678,517,0,0,0
50552240,0.004,0.02,spam bot,432,457,663,0,1,0
51905951,0.5,1,spam bot,609,67,2,1,0,0
51949191,0.008,0.012,spam bot,432,560,719,0,1,0
52039977,0,0,spam bot,569,56,2,1,0,0
52615792,700.0229885,0.034482759,scam bot,0,22,94,1,0,0
53714790,0,1,spam bot,236,36,1,1,0,0
53780726,0,0,spam bot,241,34,1,1,0,0
53784356,0,0,spam bot,237,30,1,1,0,0
53948371,0,1,spam bot,656,68,1,1,0,0
54234822,4.666666667,0.004016064,spam bot,1560,538,742,0,0,0
54244742,20.25362319,0.028985507,fake_follower,0,130,139,1,0,0
54353595,0.016,0.012,spam bot,1998,1468,4666,1,0,0
54891461,0,0.067567568,spam bot,1506,339,74,0,0,0
55221873,0,0.0125,spam bot,1510,291,80,0,0,0
55243788,0.0125,0.1,spam bot,1670,430,80,0,0,0
55256821,0,0.129411765,spam bot,1531,462,85,0,0,0
55275603,0.01980198,0.089108911,spam bot,1587,378,101,0,0,0
55396146,0,0.146666667,spam bot,1605,480,75,0,0,0
55412037,0.015384615,0.169230769,spam bot,1687,405,65,0,0,0
58384179,0.125,0.5,fake_follower,0,11,8,0,0,0
58624454,4.442622951,0.016393443,spam bot,1559,260,62,0,0,0
59434448,0,0,spam bot,289,43,2,1,0,0
59904140,8.327868852,0,spam bot,70,114,122,0,0,0
60257479,3785.189189,0.054054054,fake_follower,545,11,48,1,0,0
60375971,0,0.363636364,fake_follower,0,4,11,1,1,0
60430191,1,0,spam bot,279,39,2,1,0,0
62204600,205.8220339,0.016949153,fake_follower,53,27,119,0,0,0
62730539,0.008,0.012,spam bot,432,413,306,0,1,0
63065682,0,0,spam bot,685,98,3,1,0,0
63312941,0,0.020833333,spam bot,1703,613,96,0,0,0
63417814,57.93518519,0.046296296,fake_follower,1334,113,109,1,0,0
63579810,0.25,0.5,spam bot,122,13,4,1,0,0
63737626,0,0,spam bot,432,449,358,0,1,0
64148519,0.5,0.5,spam bot,592,85,2,1,0,1
64169835,0,0.032,spam bot,432,459,529,0,1,0
64297402,2.172,0,spam bot,1396,467,418,0,1,0
64636395,0,0,spam bot,1229,81,2,1,0,1
64725115,0.008064516,0.008064516,spam bot,733,258,124,1,0,0
64987143,0,0,spam bot,1273,78,1,1,0,0
65257967,0,0.333333333,spam bot,1240,95,3,1,0,0
65332295,0,0,spam bot,1252,80,2,1,0,0
66618364,0.058823529,0.235294118,fake_follower,0,20,17,0,0,0
66807259,0,0,spam bot,209,256,601,0,1,0
67004702,0,0.004016064,spam bot,208,269,610,0,1,0
67242405,0.013824885,0.00921659,spam bot,216,230,222,0,1,0
67404263,0,0.004739336,spam bot,212,229,216,0,1,0
67537846,0,0.037383178,spam bot,432,573,214,0,0,0
67595009,167.1111111,0,spam bot,92,215,76,1,0,0
67604511,0,0,spam bot,456,112,1,1,0,0
67604772,0.009708738,0.004854369,spam bot,432,483,209,0,0,0
67946273,0,0.166666667,fake_follower,529,12,6,1,0,0
68203632,1,0,spam bot,203,51,1,1,0,0
68246597,0,0.008695652,spam bot,604,46,230,0,0,0
68332605,0,1,spam bot,623,106,1,1,0,0
68918886,0,1,spam bot,508,165,1,1,0,0
69201180,0.956,1.272,spam bot,52415,51859,2409,0,0,0
69202294,0,1,spam bot,560,182,1,1,0,0
69218933,0,0,spam bot,479,151,1,1,0,1
69280475,0,0,spam bot,383,47,7,1,0,0
69412978,34.46586345,0.156626506,fake_follower,747,286,363,0,1,0
69492703,1,0,spam bot,464,104,1,1,0,0
69502707,0,0,spam bot,517,130,1,1,0,0
69509049,1,1,spam bot,516,128,1,1,0,1
70038696,0,0,spam bot,241,251,241,0,1,0
71467598,0.222222222,0.055555556,spam bot,432,448,18,0,1,0
71564424,0,0,spam bot,0,69,15,0,0,0
71635706,0,0.020080321,spam bot,0,235,782,0,1,0
71722242,0,0,spam bot,0,203,716,0,1,0
71776798,0,0,spam bot,566,138,2,1,0,0
71793700,0.004,0.008,spam bot,245,216,332,0,1,0
71826144,0,0.039215686,spam bot,249,200,51,0,1,0
71940079,0,0,spam bot,251,268,741,0,1,0
71943510,0,0.004,spam bot,0,311,709,0,1,0
71966331,0,0.004,spam bot,251,338,825,0,1,0
72033272,0,0.032,spam bot,0,235,644,0,1,0
72041194,0,0.008,spam bot,247,272,722,0,1,0
72042541,0.004016064,0,spam bot,0,223,595,0,1,0
72059138,0.004016064,0,spam bot,244,200,599,0,1,0
72068550,0,0.016,spam bot,0,233,785,0,1,0
72076822,0,0,spam bot,252,217,692,0,1,0
72186699,11.58,0.704,fake_follower,1801,538,4131,0,1,0
72207735,0,0.016,spam bot,233,189,401,0,1,0
72208069,0,0.008,spam bot,233,212,682,0,1,0
72209365,0,0.012,spam bot,0,198,647,0,1,0
72211081,0,0.012,spam bot,0,219,598,0,1,0
72373568,0,0.004255319,spam bot,232,188,236,0,1,0
72432504,0,0.008,spam bot,0,214,626,0,1,0
72852291,0,0.2,fake_follower,0,10,20,1,0,0
72979450,155.284,0,spam bot,0,560,330,0,1,0
73049791,0,3,spam bot,504,62,1,1,0,0
73246645,0.142857143,0,spam bot,512,135,7,0,0,0
73851157,0,0,spam bot,387,60,1,1,0,0
73851368,0,0,spam bot,326,45,1,1,0,0
74120658,0.012,0.088,spam bot,854,161,269,0,0,0
74389659,0,1,spam bot,551,99,1,1,0,0
74630038,23.90361446,0.084337349,spam bot,1673,8515,22651,0,1,0
74637832,0,0,spam bot,435,396,200,0,1,0
74638959,0.014492754,0.004830918,spam bot,432,396,207,0,1,0
74995296,0.111111111,0,spam bot,492,58,9,0,0,0
75710563,0,0,spam bot,432,490,22,0,1,0
75727230,0,1,spam bot,401,117,1,1,0,0
75863742,6.688,7.048,spam bot,88453,106295,9435,1,0,0
75999733,0.005376344,0.010752688,spam bot,432,426,186,0,1,0
76000096,0.009756098,0.034146341,spam bot,432,429,205,0,1,0
76361849,1.325396825,0.03968254,fake_follower,0,47,126,0,0,0
76530984,2,1,spam bot,439,72,1,1,0,0
77161645,0,0,spam bot,518,72,1,1,0,0
77243796,66.42105263,0.105263158,fake_follower,1088,14,19,0,0,0
77413855,224.9016393,0.020491803,fake_follower,0,14,943,1,0,0
77727490,0.009090909,0.009090909,spam bot,432,448,220,0,1,0
78423507,0.059782609,0.005434783,spam bot,432,746,184,0,1,0
78466461,0.007462687,0,spam bot,437,381,135,0,1,0
79361616,0,0,spam bot,576,154,1,1,0,0
79362510,0,0,spam bot,492,111,4,1,1,0
79443295,0,2,spam bot,595,124,1,1,0,0
79860976,0,0.5,fake_follower,0,4,8,1,0,0
79966861,0,0,spam bot,493,74,1,1,0,0
80194139,0,0.035714286,fake_follower,0,8,29,1,0,0
80345479,0,0,spam bot,158,142,9,0,0,0
80479674,0.607142857,0.178571429,fake_follower,1443,34,28,0,1,0
82100136,5.697674419,0.023255814,fake_follower,57,18,43,1,1,0
82122078,0.5,2.5,fake_follower,0,17,4,0,0,0
83210368,133.2101911,0,spam bot,1659,296,157,0,0,0
84114859,10456.5641,0.025641026,scam bot,0,8,43,1,0,0
84325988,0,0.014925373,spam bot,1457,460,134,1,0,0
84602929,0.225806452,0.006451613,spam bot,986,256,155,0,0,0
85126240,0,0.008,spam bot,602,275,482,0,0,0
85254758,26.57692308,0.019230769,scam bot,0,9,57,1,0,0
86517226,0,0.00729927,spam bot,350,66,137,0,0,0
87752806,0,2.333333333,fake_follower,0,10,3,1,0,0
88004842,1,0,spam bot,19,695,1,0,0,0
88563527,0.00952381,0.047619048,fake_follower,615,13,105,0,1,0
91162581,0.020408163,0,spam bot,1171,1252,98,0,0,0
91350980,55.09236948,0.21686747,fake_follower,22,258,390,0,1,0
91781300,14.6199095,0.045248869,fake_follower,0,360,4585,0,1,0
92041890,61.62585034,0,spam bot,29,267,149,1,1,0
93083959,7.471615721,0.004366812,spam bot,1660,809,232,0,0,0
94528740,0,1.636363636,fake_follower,0,23,11,0,0,0
95690748,0,0,spam bot,554,164,41,0,0,0
96668347,23.81781377,0.008097166,spam bot,1752,682,525,0,0,0
96917059,8.408163265,0.036734694,fake_follower,0,139,1197,0,1,0
97275343,0,0,fake_follower,0,17,3522,0,0,0
98888058,0,0.25,spam bot,1661,657,8,1,0,0
99323986,0.5,0.5,spam bot,1620,500,6,1,0,0
99545852,0.004016064,0.020080321,spam bot,0,221,359,0,1,0
101330311,0.012,0.044,spam bot,2673,1700,684,0,0,0
101330413,68.02834008,0.012145749,fake_follower,1267,58,1178,0,0,0
101615403,0,0.08,spam bot,944,170,25,0,0,0
101647448,0.016,0.008,spam bot,27,111,3261,1,0,0
102508730,9513.931452,0.096774194,spam bot,433,897,58623,0,1,0
102514432,0,0,spam bot,681,75,1,1,0,1
103020806,0.044,0.028,spam bot,8805,7533,395,1,0,0
103614496,0,0.052631579,spam bot,686,107,19,1,0,1
103688844,5.052631579,0,spam bot,1536,430,57,0,0,0
103919687,0,0,spam bot,653,44,4,0,0,0
104256888,0,0,spam bot,441,67,6,1,0,1
104394959,0,0.05,spam bot,724,133,20,1,0,0
104520384,0.037735849,0,spam bot,764,140,53,0,0,0
104896954,0,0.004,spam bot,0,1543,2757,0,0,0
104897023,0.029411765,0,spam bot,1665,807,36,0,0,0
104991578,0.058823529,0,spam bot,708,106,17,0,0,0
105748476,0,0.5,fake_follower,0,15,2,1,1,0
105790281,0.016949153,0.050847458,fake_follower,1054,52,59,1,1,0
106301592,0,0,spam bot,169,25,2,0,0,0
106378113,0.555555556,0,spam bot,970,418,22,0,0,0
106394146,20.5,0.055555556,spam bot,431,234,19,1,0,0
106522802,0,1,spam bot,561,73,1,1,0,1
107436496,6.794871795,0,spam bot,1622,594,40,0,0,0
107549781,0,0,spam bot,486,51,13,1,0,1
107727712,1,0,spam bot,521,84,17,1,0,1
107914508,0.164,0.24,fake_follower,919,3498,94137,0,1,0
109066883,1.733333333,3.366666667,fake_follower,71,246,122,0,0,0
109075883,0,0.041666667,fake_follower,0,17,48,1,1,0
109633855,0,2,spam bot,255,168,2,1,0,1
112131340,0,0.036,fake_follower,0,7,394,1,0,0
112429918,0,0,spam bot,1064,1062,6599,1,0,0
112540516,0,0.02962963,fake_follower,0,26,135,1,0,0
112544426,0,0,spam bot,75,21,11,0,0,0
114079307,0,0.142857143,spam bot,667,230,14,0,0,0
114488344,0.026315789,0.013157895,fake_follower,124,33,76,1,0,0
116016837,0,0,spam bot,623,171,75,0,0,0
119227710,0,0.384615385,fake_follower,0,12,13,1,0,0
121309790,0.005494505,0.010989011,fake_follower,0,31,182,1,0,0
122511648,99.57692308,0,fake_follower,73,11,27,0,1,0
123599990,196.9666667,0,fake_follower,347,19,31,0,0,0
124419079,0,1,fake_follower,0,9,2,0,1,0
125514462,0.083333333,0.333333333,fake_follower,0,8,12,1,0,1
128620164,0,1,fake_follower,0,9,2,1,0,0
129549447,0.028,0.06,spam bot,547,488,8499,0,1,0
130061775,0.004,0.012,spam bot,249,268,549,0,1,0
132278621,0,0,fake_follower,7,10,9,0,0,0
134332869,0.041666667,0.291666667,fake_follower,0,20,24,1,1,0
134678238,0.4,2,fake_follower,0,24,5,0,1,0
137515361,0,5,fake_follower,0,6,1,1,0,0
137959629,0.666666667,0,fake_follower,0,9,3,1,1,0
138667565,2.308,57.684,spam bot,538,34640,36843,1,0,0
140176665,559.324,0.004,fake_follower,227,118,333,0,0,0
147852405,0,4,fake_follower,1137,38,1,1,0,0
147954455,0.666666667,1,fake_follower,0,21,3,1,0,0
148896431,0,0.184210526,fake_follower,0,7,38,0,0,0
150861478,113.0806452,0.044354839,fake_follower,644,33,500,0,1,0
152259498,16720.25,0.625,fake_follower,0,5,33,1,0,0
152846674,0,0.5,fake_follower,0,12,2,0,0,0
154237500,0,0.2,fake_follower,1105,8,20,1,1,0
154856763,20.96078431,0.039215686,fake_follower,0,5,52,1,0,0
156922624,0.016,0.016,spam bot,493,259,2767,0,0,0
157882115,0.016,0.028,spam bot,1287,769,21220,0,0,0
157882740,0.012,0.012,spam bot,1027,760,19526,0,0,0
157884271,0.012,0.024,spam bot,1531,837,21833,0,0,0
157899229,0.016,0.032,spam bot,1245,723,21172,0,0,0
157899996,0.008,0.02,spam bot,1569,699,20077,0,0,0
158541730,0.034482759,0.413793103,fake_follower,0,8,29,1,0,0
162035733,0.016,0.04,spam bot,1361,884,20594,0,0,0
165778169,0.016,0.02,spam bot,779,664,20816,0,0,0
165790334,0.008,0.048,spam bot,1591,595,20213,0,0,0
168218491,0.07751938,0.007751938,spam bot,247,422,135,0,1,0
168872531,0.008032129,0.016064257,fake_follower,0,57,570,0,1,0
169147207,0.702811245,0.060240964,fake_follower,484,84,2788,0,1,0
169474438,0.5,4.5,fake_follower,0,3,2,1,0,0
170144297,382,0,fake_follower,612,18,1,1,0,0
170241204,506.6041667,0,scam bot,302,19,54,1,1,0
172164229,0,0.25,fake_follower,0,8,4,1,0,0
173215914,791.2592593,0.333333333,fake_follower,1345,21,28,1,1,0
176096243,94.53974895,0.075313808,fake_follower,872,172,2396,0,1,0
176506844,0,3.5,fake_follower,1312,17,2,1,0,0
177671726,21.18072289,0.200803213,spam bot,104,23,263,0,0,0
179295032,0.012,0.008,spam bot,0,2,1883,1,0,1
179562837,0.008,0.008,spam bot,0,2,304,1,0,0
182390315,0,0.015384615,spam bot,453,422,70,0,1,0
184667668,0.012,0.02,spam bot,1122,221,413,1,0,1
185933483,0,0.153846154,fake_follower,0,13,26,1,0,0
189015964,113.6763485,0,fake_follower,1091,11,323,1,0,0
190796770,263.0549451,0.021978022,fake_follower,217,53,92,0,1,0
193818184,1053.166667,0.055555556,scam bot,0,7,18,0,0,0
194777903,0.012,0.012,spam bot,1265,758,21424,0,0,0
194780405,0.012,0.028,spam bot,1367,626,21265,0,0,0
195005434,0.016,0.04,spam bot,1508,688,19857,0,0,0
195006541,0.008,0.02,spam bot,622,966,21619,0,0,0
195017418,0.008,0.024,spam bot,1765,647,20612,0,0,0
195018333,0.008,0.028,spam bot,877,552,22523,0,0,0
195019019,0.008,0.024,spam bot,1393,535,20953,0,0,0
195049424,0.008,0.012,spam bot,981,764,20828,0,0,0
195625268,0,0.666666667,fake_follower,0,3,6,0,0,0
198243810,0,9,fake_follower,0,12,1,1,0,0
198277538,1,5,fake_follower,618,46,1,0,0,0
201190422,0.5,0,fake_follower,0,29,16,0,0,0
201425184,0.02,0.012,spam bot,1100,808,20749,0,0,0
210428729,84.27160494,0.012345679,fake_follower,616,37,84,1,0,0
212779829,0.108,0.052,spam bot,941,890,19822,0,0,0
212882298,628.922449,0.012244898,scam bot,0,15,292,1,0,0
214549887,181.1428571,1.714285714,fake_follower,161,48,21,0,0,0
214632102,0,2.333333333,fake_follower,0,15,3,0,0,0
215154980,1,0,fake_follower,3,12,1,1,0,0
215663794,0.036,0.028,spam bot,871,622,23898,0,0,0
215693377,0.008,0.032,spam bot,1081,810,18640,0,0,0
217992483,0,1,fake_follower,0,5,3,1,0,0
220097040,0.012,0.012,spam bot,0,939,21258,0,0,0
224567425,0,0.1,fake_follower,558,72,30,0,0,0
227650216,107.0769231,0.076923077,fake_follower,111,10,13,0,0,0
228720947,0.142857143,0.023809524,fake_follower,1324,42,42,0,1,0
229906054,0,2.5,fake_follower,0,1,2,1,0,0
233884874,4.396,0.02,fake_follower,616,5,667,0,0,0
234587511,22.65671642,0.014925373,fake_follower,43,23,67,0,1,0
237036122,11117.09746,0,fake_follower,0,25,371,0,0,0
237178034,0.992,2.42,spam bot,6734,8610,2521,0,0,0
237860975,0.012,0.012,spam bot,1569,584,20853,0,0,0
238531661,0,1,fake_follower,0,1,3,1,0,0
239910996,0.036,0.04,spam bot,1199,925,20037,0,0,0
240422007,1024.953125,0.03125,fake_follower,0,38,80,1,1,0
241041165,0,0,fake_follower,0,3,5,1,0,0
241206543,0.02,0.024,spam bot,1083,848,21735,0,0,0
241228977,0.008,0.02,spam bot,1123,1062,21920,0,0,0
241243279,0.02,0.012,spam bot,1225,744,20974,0,0,0
241312583,0.012,0.012,spam bot,1143,653,24427,0,0,0
241915215,8.426829268,1.784552846,scam bot,731,3768,8505,0,0,0
242206951,0,2,fake_follower,0,7,2,1,0,0
242534704,0.02,0.028,spam bot,1284,793,21118,0,0,0
243556904,0,0.028,fake_follower,580,46,2325,1,1,0
243707462,0.008,0.016,spam bot,1338,535,20335,0,0,0
244202085,0.016,0.028,spam bot,1295,997,20725,0,0,0
244568143,74.76595745,0.063829787,scam bot,0,9,49,1,0,0
249011468,6.125,0.25,fake_follower,0,9,8,1,0,0
250970687,0.111111111,0.444444444,fake_follower,0,15,9,0,0,0
253111142,0.205,0.045,fake_follower,0,88,200,1,0,0
253239439,0.132,0.004,fake_follower,0,134,742,1,0,0
254394005,333.55,0.05,scam bot,0,8,44,1,0,0
254618989,0,0.076923077,fake_follower,192,16,19,1,0,0
254839933,0,3,fake_follower,0,7,2,0,0,0
254976820,0.142857143,0,fake_follower,0,10,15,1,0,0
258069307,4514.733333,0.133333333,fake_follower,0,12,16,0,1,0
261915122,0.04,0.12,fake_follower,58,31,25,1,1,0
263549739,1246.384615,0,scam bot,0,5,29,1,0,0
265551997,0,1,fake_follower,0,9,1,0,0,0
266064479,0,0.004291845,spam bot,231,191,234,0,1,0
267092571,0,0.333333333,fake_follower,0,3,15,1,0,0
267781978,0,3,fake_follower,0,4,1,0,0,0
269201871,0,0.02,fake_follower,522,4,393,1,1,0
270442712,2729.857143,0.081632653,fake_follower,0,12,73,1,0,0
270494010,0.252,0.008,fake_follower,41,73,7007,0,1,0
275881452,25.424,0.532,fake_follower,73,339,1150,0,0,0
278082770,4.219178082,0.123287671,fake_follower,0,40,75,1,0,0
279388955,0.14,0.032,fake_follower,0,30,302,1,1,0
291191096,0.5,1.5,fake_follower,0,6,2,0,0,0
293830909,16720.25,0.25,fake_follower,0,10,32,1,0,0
294687282,52.66666667,0.333333333,fake_follower,119,34,3,1,0,0
295394982,0,0.083333333,fake_follower,0,7,12,0,0,0
297021045,0.024,0.024,spam bot,393,690,21080,0,0,0
297548417,0.012,0.012,spam bot,1215,736,19413,0,0,0
297613967,0.032,0.032,spam bot,1266,900,20814,0,0,0
304196805,0.260869565,0.956521739,scam bot,0,8,23,1,0,0
306207069,0.012,0.036,spam bot,744,929,22446,0,0,0
306479404,0.008,0.028,spam bot,1361,592,22584,0,0,0
307819895,0.012,0.004,fake_follower,82,23,348,0,0,0
309434421,0.142857143,0.571428571,fake_follower,0,7,7,0,0,0
310462159,0.02,0.024,spam bot,1638,774,19510,0,0,0
313626619,0,0,spam bot,266,283,73,0,1,0
314162343,0,0,spam bot,271,290,132,0,1,0
314201545,0,0.013274336,spam bot,272,298,235,0,1,0
314265702,0,0,spam bot,273,287,47,0,1,0
317248347,0,1,fake_follower,484,9,2,1,0,0
317953097,0.010752688,0.048387097,spam bot,280,321,186,0,1,0
319802566,0.1,0.3,fake_follower,0,9,10,0,1,0
325789799,0.012,0.028,spam bot,894,1003,21054,1,0,0
326241359,238.4642857,0,fake_follower,3,5,28,0,0,0
327747371,0.008,0.02,spam bot,1460,567,22699,0,0,0
327748532,0.02,0.028,spam bot,1336,840,21491,0,0,0
330531182,0.008,0.012,spam bot,1420,837,20643,0,0,0
331801034,0.012,0.068,spam bot,1709,779,20196,0,0,0
331801886,0.008,0.04,spam bot,1181,608,18944,0,0,0
331809299,0.012,0.044,spam bot,0,641,24746,0,0,0
334163536,0.024,0.04,spam bot,1209,712,20873,1,0,0
334747962,0.032,0.044,spam bot,1072,655,21998,0,0,0
334748859,0.016,0.02,spam bot,1551,615,21446,0,0,0
334754360,0.02,0.024,spam bot,1512,739,20574,0,0,0
334825381,0.02,0.044,spam bot,712,816,20335,0,0,0
334826952,0.016,0.06,spam bot,960,696,14513,0,0,0
335192481,0.008,0.028,spam bot,110,359,19456,0,0,0
335405859,0.024,0.08,spam bot,1190,1022,20596,0,0,0
335409261,0.008,0.028,spam bot,1546,591,19797,0,0,0
336051161,415.9358974,0.064102564,spam bot,134,28,79,0,0,0
336713356,0,3,fake_follower,0,2,1,1,0,0
337161218,115.8333333,0.333333333,fake_follower,0,9,7,1,0,0
337653685,27.36521739,0.065217391,fake_follower,1561,532,8395,1,1,0
339021400,300.8,0.533333333,scam bot,97,15,30,0,0,0
346747046,0,4,fake_follower,0,17,1,1,0,0
346790259,0,1.666666667,fake_follower,0,12,3,1,0,0
347506040,0.008,0.036,spam bot,1285,176,16335,0,0,0
347579782,0.008,0.02,spam bot,1278,745,20626,0,0,0
347587058,0.012,0.024,spam bot,1570,743,21055,0,0,0
347595019,0.02,0.044,spam bot,742,984,20325,0,0,0
349979518,0,0.219512195,fake_follower,137,32,41,0,1,0
351889016,1355.785714,0.047619048,fake_follower,0,30,142,0,1,0
355303911,0,0.109589041,fake_follower,0,36,73,1,0,0
355821619,184.6744186,0.069767442,fake_follower,207,208,45,1,1,0
355843642,0,0,fake_follower,0,20,8,0,0,0
355993172,28.61764706,0.205882353,fake_follower,1209,25,34,0,0,0
357088003,1287.196429,0.214285714,scam bot,0,18,63,1,0,0
357110189,0,0.01459854,spam bot,262,269,137,0,1,0
358424054,0,0,spam bot,231,194,200,0,1,0
360201053,0,0.006802721,spam bot,269,300,147,0,1,0
360743981,0.016,0.056,spam bot,1409,624,23550,0,0,0
360747829,0.016,0.016,spam bot,1307,454,23045,1,0,0
365334598,0,0.666666667,fake_follower,0,5,3,1,0,0
370384848,4.25,0,scam bot,0,17,16,0,0,0
370960192,0.116,0.204,spam bot,4611,5803,64237,0,0,0
373612487,86.94339623,0.264150943,fake_follower,59,193,55,0,1,0
377408959,10,0.692307692,fake_follower,0,11,13,1,0,0
377994769,123.0408163,0,fake_follower,0,8,49,1,0,0
382916532,189.444898,0.012244898,fake_follower,0,60,340,1,0,0
384501016,976.3649635,0.03649635,fake_follower,0,6,163,0,0,0
390471074,38.21428571,0.285714286,fake_follower,701,16,14,0,0,0
391017238,0,1,fake_follower,0,6,3,1,0,0
393352485,0.076,0.096,spam bot,0,1046,9544,0,0,0
395458764,0,0.036,fake_follower,0,5,6804,1,0,0
398813548,4.526315789,0,fake_follower,439,50,19,1,1,0
400069220,0.1,0.2,fake_follower,6,11,20,1,0,0
401190123,0,0.028,fake_follower,0,5,402,1,0,0
401287742,382,0,fake_follower,0,5,1,1,0,0
407185445,0,0,spam bot,260,290,177,0,1,0
407371142,0,0.09375,fake_follower,669,17,33,0,1,0
411288201,0,7,fake_follower,420,2,1,0,0,0
413650968,0,0.2,fake_follower,0,6,15,1,1,0
419862060,1236.101449,0.275362319,scam bot,0,25,73,1,0,0
420658286,3.983471074,0.041322314,fake_follower,0,17,124,0,0,0
422415442,0,0,fake_follower,0,6,6,1,0,0
422510662,4962.115385,0,scam bot,9,5,28,1,1,0
430175527,0.008,0.036,spam bot,525,439,20394,0,0,0
430928749,0.016,0.052,spam bot,25,1016,57554,0,0,0
433495525,2226.089552,0.119402985,fake_follower,1154,16,90,1,0,0
434727810,1.113360324,1.182186235,spam bot,9171,10003,2542,0,0,0
434775697,0.681818182,1.070247934,spam bot,6386,9110,1067,0,0,0
434795107,5.076305221,1.180722892,spam bot,9442,10135,2670,0,0,0
435591257,0,2.333333333,fake_follower,0,7,3,1,0,0
448310199,0,0.032,fake_follower,434,16,550,1,1,0
451920644,18.23033708,0.028089888,fake_follower,576,47,182,0,0,0
455075718,0,0.02020202,spam bot,172,221,99,0,1,0
456934703,0.016,0.016,spam bot,1347,579,19936,0,0,0
456939896,0.012,0.028,spam bot,1302,564,20398,0,0,0
457013718,50.9375,0.25,fake_follower,973,13,16,0,0,0
458941316,304.5281385,0.264069264,spam bot,0,116,1937,0,0,0
461290098,101.8035714,0.330357143,scam bot,0,50,120,0,0,0
465325633,0.116,0.408,spam bot,8288,7479,3653,0,0,0
465393290,1.168,0.5,spam bot,7237,6512,3604,0,0,0
465405613,1.205645161,0.443548387,spam bot,7308,6547,3599,0,0,0
465418896,2.036,0.416,spam bot,6661,5991,3671,0,0,0
465431259,0.305220884,0.947791165,spam bot,14824,13823,935,0,0,0
466109264,0.628,1.052,spam bot,12391,11559,3557,0,0,0
466139143,0.211382114,0.552845528,spam bot,7602,6904,922,0,0,0
466161043,3.951219512,2.349593496,spam bot,16376,15976,819,0,0,0
466189857,14,0,spam bot,8783,8031,8,0,0,0
466221249,0.748987854,2.012145749,spam bot,13858,13439,3033,0,0,0
466241419,33.8,0,spam bot,7499,7012,11,0,0,0
466267904,0.452,0.952,spam bot,8372,7124,2590,0,0,0
466272878,0.872427984,2,spam bot,19172,18901,971,0,0,0
466289763,1.64,0.44,spam bot,7496,6636,3702,0,0,0
466293888,1.273092369,3.224899598,spam bot,11957,11390,2298,0,0,0
466295605,0.763052209,0.746987952,spam bot,8729,8102,3451,0,0,0
466309651,1.570281124,0.927710843,spam bot,7085,7010,3401,0,0,0
466310732,0.86746988,0.522088353,spam bot,10422,9139,3502,0,0,0
466314172,1.12345679,1.613168724,spam bot,15416,14679,1125,0,0,0
466365951,1.760162602,4.227642276,spam bot,0,14109,2340,0,0,0
466366851,1.564516129,1.25,spam bot,12847,11962,3642,0,0,0
466372053,1.136546185,0.915662651,spam bot,10796,9965,3396,0,0,0
466379768,1.656,0.824,spam bot,7183,7449,3621,0,0,0
466386773,5,0,spam bot,9813,9399,4,0,0,0
466387081,3.58,0.368,spam bot,6635,5928,3595,0,0,0
466395857,9.692307692,0.153846154,spam bot,8975,11431,16,0,0,0
466409574,1.128,0.556,spam bot,5446,4765,3440,0,0,0
466415815,2.996,0.612,spam bot,9667,8451,3607,0,0,0
466485845,0.884,1.392,spam bot,9289,8577,3629,0,0,0
466602487,0,0,scam bot,90,2,17,1,1,0
467095185,4.036585366,3.134146341,spam bot,17107,17044,973,0,0,0
467105761,0.156,0.152,spam bot,669,855,3318,0,0,0
467109176,1.048979592,2.195918367,spam bot,16080,17153,872,0,0,0
467110763,1,0,spam bot,10229,10235,3,0,0,0
467132777,3.092,0,spam bot,8616,8372,2400,0,0,0
467136996,0.24,0.836,spam bot,10791,10361,3457,0,0,0
467153239,3.116935484,0.475806452,spam bot,7294,6806,3575,0,0,0
467180613,1.352226721,2.834008097,spam bot,14253,13937,2446,0,0,0
468059646,0.75502008,0.345381526,spam bot,7434,6680,3507,0,0,0
468099552,13.53556485,0.30125523,spam bot,7024,6278,952,0,0,0
468126635,0.97188755,0.546184739,spam bot,5663,5528,3522,0,0,0
468129657,0.530120482,0.365461847,spam bot,6298,6777,3523,0,0,0
468155641,2.148594378,0.389558233,spam bot,6462,5706,3567,0,0,0
468691190,9804.87234,0.127659574,scam bot,0,20,51,1,0,0
469178446,0,3.5,fake_follower,0,5,2,1,0,0
470080932,3238.860465,0.046511628,scam bot,0,10,44,1,0,0
475035176,123.0843373,0.168674699,fake_follower,665,34,439,0,0,0
479896389,0.02,0.012,spam bot,281,192,1157,1,0,0
481767405,98.46875,0.15625,scam bot,277,151,98,1,0,0
486647349,0.519230769,0.269230769,fake_follower,0,780,54,1,0,0
509680266,3,0,spam bot,6227,5516,6,0,0,0
512084670,92.612,0,fake_follower,0,11,652,1,0,0
514736144,0,0.181818182,fake_follower,1524,22,23,1,0,0
516315537,1387.92233,0.116504854,scam bot,0,31,110,1,0,0
520998731,0.016,0.036,spam bot,1433,545,20084,0,0,0
522334559,0.008,0.008,spam bot,1395,611,20462,0,0,0
522574094,0.012195122,0.036585366,spam bot,1471,529,18952,0,0,0
531130708,0.02,0.048,spam bot,613,852,23598,1,0,0
531134291,0.092050209,0.050209205,spam bot,944,550,21307,1,0,0
531134893,0.016,0.064,spam bot,1601,643,18628,1,0,0
531135197,0.016,0.032,spam bot,528,478,22063,1,0,0
531137422,0.016,0.02,spam bot,819,460,19921,1,0,0
531138997,0.016,0.04,spam bot,1678,667,19398,1,0,0
531141808,0.012,0.036,spam bot,1002,838,23156,1,0,0
531141814,0.012,0.044,spam bot,1754,595,20019,1,0,0
531144512,0.165289256,0.033057851,spam bot,534,522,22489,1,0,0
531146284,0.093495935,0.044715447,spam bot,974,569,22953,1,0,0
531148316,0.012,0.028,spam bot,1420,775,22098,1,0,0
531148975,0.016,0.032,spam bot,1044,815,20036,1,0,0
531151339,0.098765432,0.053497942,spam bot,1153,578,21722,1,0,0
531152071,0.056680162,0.068825911,spam bot,987,526,25523,1,0,0
531153134,0.008,0.04,spam bot,1212,853,19782,1,0,0
531154412,0.012,0.04,spam bot,1490,961,21100,1,0,0
531154466,0.132478632,0.017094017,spam bot,993,521,23243,1,0,0
531155971,0.097959184,0.102040816,spam bot,556,476,22313,1,0,0
531156196,0.012,0.02,spam bot,1150,605,23903,1,0,0
531157556,0.008,0.028,spam bot,511,746,23342,1,0,0
531158939,0.116,0.024,spam bot,810,668,21569,1,0,0
531160150,0.012,0.048,spam bot,1330,688,22188,1,0,0
531165847,0.02,0.036,spam bot,503,570,19364,1,0,0
531166864,0.024,0.032,spam bot,1080,841,24746,1,0,0
531167072,0.024,0.036,spam bot,1459,1029,21906,1,0,0
531170783,0.008,0.012,spam bot,820,537,18389,1,0,0
531170807,0.012,0.02,spam bot,482,428,21256,1,0,0
531217335,0.012,0.02,spam bot,589,468,21224,1,0,0
531218934,0.012,0.044,spam bot,1077,557,19905,1,0,0
531219372,0.028,0.036,spam bot,851,900,24161,1,0,0
531230127,0.012,0.016,spam bot,963,649,22171,1,0,0
531237552,0.012,0.02,spam bot,914,838,21596,1,0,0
531240150,0.032,0.112,spam bot,935,574,23341,1,0,0
531250998,0.112,0.028,spam bot,1404,1078,23622,1,0,0
535781152,0.112,0.016,spam bot,1172,914,21485,0,0,0
538453053,242.75,0,scam bot,0,10,37,0,0,0
539052577,1.936,0.452,spam bot,5810,5939,3580,0,0,0
539157095,0.208,0.62,spam bot,8326,7718,3660,0,0,0
542163896,1.54,0.452,spam bot,5638,5269,3510,0,0,0
542412215,2497.333333,0.277777778,fake_follower,51,4,18,1,0,0
545647644,115.7391304,0.130434783,fake_follower,575,2,23,0,0,0
545708233,2.277108434,0.714859438,spam bot,4826,4052,2854,0,0,0
548300100,0.004,0.016,fake_follower,799,13,518,1,0,0
549394334,14.82186235,0.259109312,spam bot,4269,2478,13644,1,0,0
559842571,0.631578947,0.408906883,spam bot,5201,4276,3711,1,0,0
569193926,49.23076923,0,scam bot,0,1,13,1,0,0
569994470,2861.299363,3.426751592,fake_follower,73,31,157,1,0,0
570726762,0.737903226,1.383064516,spam bot,4964,5003,5147,1,0,0
576226470,0.710843373,1.072289157,spam bot,6596,6109,4305,1,0,0
576917802,3.312,0.872,spam bot,9478,8656,9097,1,0,0
580925947,1.332,1.804,spam bot,13139,11750,8538,1,0,0
585411607,0.469879518,0.975903614,spam bot,5128,4250,4512,1,0,0
585624973,0.959677419,2.225806452,spam bot,7684,6446,5650,1,0,0
585856581,0.838709677,2.290322581,spam bot,9796,8422,3977,1,0,0
585956153,1.348,0.776,spam bot,10373,10979,10779,1,0,0
586123464,0.777327935,1.210526316,spam bot,7798,6588,5133,1,0,0
605294402,0,3,fake_follower,0,3,1,0,0,0
613617309,5.445783133,2.83935743,spam bot,16312,13798,2577,0,0,0
616211479,99.26865672,0.014925373,fake_follower,559,26,67,1,0,0
617486653,0.038461538,0,fake_follower,242,4,26,1,0,0
619027215,1.185483871,2.866935484,spam bot,12883,12859,2494,0,0,0
621555892,0,0,fake_follower,241,1,29,1,0,0
626820204,0,0.666666667,fake_follower,0,8,3,0,0,0
703914774,0,0,spam bot,209,290,295,0,1,0
707991344,0.04,0.036,spam bot,1583,389,17219,1,0,0
711479551,0.016,0.012,spam bot,1467,309,16364,1,0,0
711494346,0.186721992,0.020746888,spam bot,554,475,18105,1,0,0
711547033,0.086419753,0.024691358,spam bot,1729,563,19888,1,0,0
721305198,72.125,0.041666667,scam bot,340,14,27,1,0,0
766190970,110.1359649,0.013157895,scam bot,302,32,262,1,0,0
773903504,0,0,fake_follower,170,6,26,1,0,0
817101949,1636.197368,0.065789474,scam bot,0,17,80,1,0,0
845770021,69.18181818,0.272727273,fake_follower,0,1,11,1,0,0
869150966,6.726027397,0.904109589,fake_follower,0,1495,73,0,0,0
909766628,306.5526316,0.289473684,fake_follower,0,28,38,1,0,0
915389299,427.2857143,0.047619048,scam bot,6,12,23,0,0,1
926780918,0.072,0.1,spam bot,786,686,2030,0,0,0
949652516,0.085714286,0.028571429,spam bot,531,560,23072,1,0,0
956473088,0.024,0.04,spam bot,578,603,98272,0,0,0
962735887,0.027027027,0.040540541,spam bot,164,46,74,1,1,0
968615329,473.825,0.1625,scam bot,400,51,89,1,0,0
969672378,1554.403846,1.096153846,scam bot,242,19,56,1,0,0
982414274,0.012396694,0.041322314,spam bot,1356,416,21709,1,0,0
1013031680,0.024,0.02,spam bot,1289,520,15005,1,0,0
1013213588,679.8823529,0,fake_follower,762,9,17,1,0,0
1021573561,0.048,0.272,spam bot,169,192,1577,1,0,0
1103129532,1137.673077,0,scam bot,0,5,55,1,0,0
1103573989,2617.942857,0.114285714,scam bot,0,5,36,1,0,0
1119638359,0.328,0,spam bot,88,20,3903,0,0,0
1124807293,0.037037037,0.148148148,fake_follower,206,8,27,1,0,0
1127237954,0,0.173913043,fake_follower,220,4,23,1,0,0
1129940900,0.071428571,0.142857143,fake_follower,181,4,14,1,0,0
1169254332,0.012,0.04,spam bot,1017,386,20368,1,0,0
1174403390,0,0.04,fake_follower,152,9,25,1,0,0
1174413920,713.5238095,0.095238095,fake_follower,158,5,21,1,0,0
1174804556,599.28,0.04,fake_follower,159,3,25,1,0,0
1190158771,0.04,0.028,spam bot,1585,336,19615,1,0,0
1207835467,0,0,fake_follower,30,1,4,1,0,0
1208229229,0,0,fake_follower,36,1,4,1,0,0
1273211215,0.477732794,1.263157895,spam bot,1861,2930,3309,0,0,0
1303391600,0.646341463,0.975609756,spam bot,3443,3555,5220,1,1,0
1367040230,0,0,fake_follower,19,1,1,1,0,0
1369249873,0,0,fake_follower,26,0,2,1,0,0
1369408290,0,0,fake_follower,27,0,7,1,0,0
1369480706,0,0,fake_follower,28,0,3,1,0,0
1370348599,0,0,fake_follower,20,1,2,1,0,0
1372026204,0.168,0.244,spam bot,3514,11145,27271,0,0,0
1372882284,28.10040161,0.02811245,spam bot,545,492,1959,1,0,0
1373641104,0,0,fake_follower,15,0,2,1,0,0
1380853662,0,0,fake_follower,14,0,1,1,0,0
1382419244,0,0,fake_follower,13,0,2,1,0,0
1386549638,0,0,fake_follower,15,0,2,1,0,0
1387393236,0,0,fake_follower,16,0,2,1,0,0
1388028872,0,0,fake_follower,12,0,1,1,0,0
1388819528,0,0,fake_follower,17,3,1,1,0,0
1391622127,0,0,fake_follower,14,0,2,1,0,0
1424964542,0.812,0.86,spam bot,357,993,2256,0,0,0
1517148602,0.292,0.108,spam bot,543,207,5622,1,1,0
1518824575,676.0555556,0,scam bot,0,1,19,1,0,0
1532898176,0,0,scam bot,0,0,4,1,0,0
1536537319,14.236,0.06,spam bot,1109,546,3942,0,1,0
1568510904,516.6439791,0.047120419,scam bot,0,29,214,1,0,0
1580244270,0.028,0.036,spam bot,84,6416,41360,0,0,0
1699325190,0.016,0.048,spam bot,1625,249,18028,0,0,0
1703777425,1640.346154,0.038461538,scam bot,0,2,30,1,0,0
1857062660,383.703125,0.328125,scam bot,0,15,68,1,0,0
1858638313,0.048,0.04,spam bot,972,177,1106,0,0,0
1870952172,0,0,scam bot,25,0,5,0,0,0
1907435238,0.048,0.004,spam bot,205,515,44766,0,0,0
2183757256,0.02,0.02,spam bot,729,240,1071,0,0,0
2212593386,38.89325843,0.033707865,spam bot,191,58,178,0,0,0
2231823601,0.008,0.02,spam bot,86,23,294,0,0,0
2234906166,134.9221311,0.446721311,scam bot,370,136,349,1,1,0
2260177964,2274.068182,0,scam bot,310,22,51,1,0,0
2262529256,4034.4,0.2,scam bot,395,92,854,1,0,0
2263955958,262.5111111,0.111111111,scam bot,0,5,48,1,0,0
2264854836,2951.253731,0.149253731,scam bot,0,19,71,1,0,0
2266193642,8.185714286,0.05,spam bot,0,80,140,0,0,0
2268586645,4.4,1.383673469,spam bot,5757,7388,2584,0,0,0
2268606518,0.285140562,0.947791165,spam bot,72,100,2289,0,0,0
2268625764,5.862348178,4.089068826,spam bot,12812,13927,2788,0,0,0
2274254095,4.662601626,1.191056911,spam bot,7054,8487,2716,0,0,0
2277224702,0.911646586,1.763052209,spam bot,7664,8397,2597,0,0,0
2281419193,0.558232932,1.212851406,spam bot,3333,3920,2557,0,0,0
2281719673,1.131687243,2.70781893,spam bot,3740,5778,2537,0,0,0
2348957142,0.036764706,0.058823529,spam bot,186,31,136,0,0,0
2350056632,0.032258065,0.112903226,spam bot,190,32,124,0,0,0
2350477716,0.038461538,0.030769231,spam bot,184,37,130,0,0,0
2350916618,0.070921986,0.070921986,spam bot,185,36,141,0,0,0
2350961034,0.042372881,0.059322034,spam bot,173,30,118,0,0,0
2351219077,0.027272727,0.072727273,spam bot,179,35,110,0,0,0
2351559656,63.06617647,0.029411765,spam bot,845,120,136,0,0,0
2351824118,20.37068966,0.232758621,spam bot,818,110,116,0,0,0
2351935423,0.031007752,0.031007752,spam bot,184,30,129,0,0,0
2352008196,24.33566434,0.034965035,spam bot,1295,139,143,0,0,0
2352067280,62.74820144,0.043165468,spam bot,1029,182,140,0,0,0
2352110226,0.04379562,0.03649635,spam bot,190,27,137,0,0,0
2352158130,0.03030303,0.037878788,spam bot,187,35,132,0,0,0
2352159972,0.031914894,0.031914894,spam bot,175,34,94,0,0,0
2352187580,1060.176471,0,spam bot,839,124,2517,0,0,0
2352207456,0.025641026,0.05982906,spam bot,194,36,117,0,0,0
2352247068,0.02238806,0.082089552,spam bot,167,33,134,0,0,0
2352702752,0.043478261,0.050724638,spam bot,183,31,138,0,0,0
2352739142,0.008547009,0.017094017,spam bot,179,72,117,0,0,0
2352828182,0.056451613,0.064516129,spam bot,185,26,124,0,0,0
2352831228,0.045454545,0.060606061,spam bot,191,45,132,0,0,0
2352846920,3.023622047,0.094488189,spam bot,1105,102,127,0,0,0
2353047476,0.026315789,0.035087719,spam bot,186,36,114,0,0,0
2353260758,0.042735043,0.051282051,spam bot,199,33,117,0,0,0
2353351447,0.022556391,0.067669173,spam bot,157,26,133,0,0,0
2353400918,19.13636364,0.058441558,spam bot,881,99,154,0,0,0
2353562042,19.42758621,0.055172414,spam bot,702,92,145,0,0,0
2353568059,57.77852349,0.060402685,spam bot,584,73,149,0,0,0
2353578306,0.026143791,0.058823529,spam bot,187,39,153,0,0,0
2353624196,3.920863309,0.136690647,spam bot,1311,148,139,0,0,0
2353718966,0.057377049,0.081967213,spam bot,163,31,122,0,0,0
2354063478,0,0.042735043,spam bot,197,31,117,0,0,0
2354069323,0.043478261,0.036231884,spam bot,191,28,138,0,0,0
2354084184,0.045454545,0.037878788,spam bot,170,35,132,0,0,0
2354116309,0.02,0.04,spam bot,174,33,100,0,0,0
2354194003,0.03968254,0.063492063,spam bot,173,31,126,0,0,0
2354254531,0.0078125,0.03125,spam bot,176,30,128,0,0,0
2354667518,0.044776119,0.044776119,spam bot,177,30,134,0,0,0
2354826618,0.035714286,0.035714286,spam bot,168,36,112,0,0,0
2354846455,68.30827068,0.090225564,spam bot,1198,122,134,0,0,0
2355003306,0.045454545,0.068181818,spam bot,162,30,132,0,0,0
2355068754,0.05,0.05,spam bot,175,32,120,0,0,0
2355678560,0.082644628,0.066115702,spam bot,188,26,121,0,0,0
2355838308,0.008333333,0.05,spam bot,193,26,120,0,0,0
2355860940,0.059701493,0.029850746,spam bot,173,35,134,0,0,0
2355930697,58.5703125,0.0859375,spam bot,823,118,128,0,0,0
2356086913,0.025862069,0.051724138,spam bot,181,34,116,0,0,0
2356197007,0.067961165,0.106796117,spam bot,173,31,103,0,0,0
2356911834,0.025641026,0.025641026,spam bot,181,31,117,0,0,0
2356992192,0.01980198,0.069306931,spam bot,162,23,101,0,0,0
2357047370,0.020618557,0.030927835,spam bot,177,33,97,0,0,0
2357051431,0.075471698,0.047169811,spam bot,171,43,106,0,0,0
2357317176,0.033057851,0.05785124,spam bot,191,27,121,0,0,0
2357427223,22.46902655,0.03539823,spam bot,888,119,113,0,0,0
2357496132,4.666666667,0.042735043,spam bot,0,78,117,0,0,0
2357889667,0.04587156,0.036697248,spam bot,175,41,109,0,0,0
2357907529,0.034482759,0.068965517,spam bot,176,36,116,0,0,0
2358098166,64.37288136,0.042372881,spam bot,899,112,118,0,0,0
2358208177,0.02173913,0.065217391,spam bot,182,30,92,0,0,0
2358250249,0.047619048,0.05952381,spam bot,177,35,84,0,0,0
2358663804,0.05,0.075,spam bot,170,34,120,0,0,0
2358710996,0.044642857,0.035714286,spam bot,183,25,112,0,0,0
2359711226,0.048780488,0.073170732,spam bot,181,29,82,0,0,0
2360091846,0.056818182,0.056818182,spam bot,173,21,88,0,0,0
2360182716,0.028846154,0.067307692,spam bot,175,35,104,0,0,0
2360206722,0.034188034,0.076923077,spam bot,154,33,117,0,0,0
2360228768,17.69230769,0.085470085,spam bot,803,102,117,0,0,0
2360251669,0.043103448,0.043103448,spam bot,184,30,116,0,0,0
2360482604,0.034090909,0.068181818,spam bot,161,24,88,0,0,0
2360648678,21.92792793,0.153153153,spam bot,628,85,112,0,0,0
2361319741,0.071428571,0.06122449,spam bot,168,22,98,0,0,0
2361352586,0.033707865,0.033707865,spam bot,164,37,89,0,0,0
2361587412,0.071428571,0.05952381,spam bot,167,40,84,0,0,0
2361675468,0.081395349,0.093023256,spam bot,150,33,86,0,0,0
2361700004,0.025,0.0625,spam bot,155,32,80,0,0,0
2361704293,0.032258065,0.129032258,spam bot,165,35,93,0,0,0
2362227691,0.040816327,0.091836735,spam bot,181,43,98,0,0,0
2362315692,0.022727273,0.022727273,spam bot,165,26,88,0,0,0
2362425720,0.066037736,0.066037736,spam bot,178,40,106,0,0,0
2362544011,0.019417476,0.029126214,spam bot,153,18,103,0,0,0
2362599654,85.21505376,0.150537634,spam bot,772,153,93,0,0,0
2362667418,0.038095238,0.133333333,spam bot,171,29,105,0,0,0
2363203543,0.019607843,0.049019608,spam bot,169,43,102,0,0,0
2363279784,0.03030303,0.050505051,spam bot,183,26,99,0,0,0
2363464135,0,0.04587156,spam bot,164,39,109,0,0,0
2363606850,29.77586207,0.051724138,spam bot,992,141,117,0,0,0
2363643973,0.038834951,0.029126214,spam bot,164,29,103,0,0,0
2364065282,0.034782609,0.060869565,spam bot,181,39,115,0,0,0
2364236432,0.010526316,0.052631579,spam bot,182,37,95,0,0,0
2364278676,0.057142857,0.057142857,spam bot,182,25,105,0,0,0
2366113250,0.049019608,0.019607843,spam bot,176,26,102,0,0,0
2366546125,0.089430894,0.06504065,spam bot,163,24,123,0,0,0
2366559954,0.03539823,0.03539823,spam bot,185,40,113,0,0,0
2366598108,0.027777778,0.027777778,spam bot,166,30,108,0,0,0
2368471386,0.019047619,0.057142857,spam bot,183,28,105,0,0,0
2368720850,0.021052632,0.063157895,spam bot,195,33,95,0,0,0
2370390223,25.44029851,0.111940299,spam bot,1236,191,134,0,0,0
2370729744,10.40833333,0.108333333,spam bot,919,106,121,0,0,0
2370793416,0.041666667,0.1,spam bot,172,37,120,0,0,0
2370874855,0.035714286,0.053571429,spam bot,173,28,112,0,0,0
2371056121,0.045045045,0.081081081,spam bot,171,50,111,0,0,0
2371108268,0.054545455,0.036363636,spam bot,171,42,110,0,0,0
2372253000,0.056074766,0.018691589,spam bot,152,23,107,0,0,0
2372328596,0.064220183,0.04587156,spam bot,188,33,109,0,0,0
2372355884,0.024,0.04,spam bot,157,28,125,0,0,0
2372365974,0.050847458,0.042372881,spam bot,190,25,118,0,0,0
2372957832,0.025423729,0.059322034,spam bot,197,44,118,0,0,0
2372968790,0.033057851,0.041322314,spam bot,165,23,121,0,0,0
2374328761,0.109756098,0.073170732,spam bot,159,19,82,0,0,0
2374446264,0.077669903,0.067961165,spam bot,169,28,103,0,0,0
2374553130,0.066666667,0.04,spam bot,159,23,75,0,0,0
2375209765,0.032967033,0.021978022,spam bot,167,32,91,0,0,0
2375595570,0.086956522,0.152173913,spam bot,173,31,92,0,0,0
2376970520,0.08988764,0.078651685,spam bot,180,35,89,0,0,0
2377108531,0.030612245,0.06122449,spam bot,155,36,98,0,0,0
2377935157,0.023809524,0.047619048,spam bot,168,29,84,0,0,0
2378476622,0.023255814,0.046511628,spam bot,174,17,86,0,0,0
2378812603,0.034482759,0.08045977,spam bot,157,26,87,0,0,0
2379702133,0.02739726,0.01369863,spam bot,163,41,73,0,0,0
2380383847,0.065789474,0.092105263,spam bot,173,23,76,0,0,0
2380732760,0.048076923,0.057692308,spam bot,150,35,104,0,0,0
2380735502,0.02173913,0.043478261,spam bot,164,23,92,0,0,0
2380870878,0.037974684,0.037974684,spam bot,151,24,79,0,0,0
2380880329,0.057471264,0.034482759,spam bot,145,27,87,0,0,0
2381212399,0.051282051,0.025641026,spam bot,142,22,78,0,0,0
2381447276,0.054054054,0.121621622,spam bot,153,33,74,0,0,0
2382299202,0.054054054,0.067567568,spam bot,180,41,74,0,0,0
2382480786,0.045454545,0.034090909,spam bot,147,22,88,0,0,0
2382818402,0.024691358,0.061728395,spam bot,164,25,81,0,0,0
2383162592,0.022727273,0.034090909,spam bot,176,26,88,0,0,0
2383403694,0.054054054,0.108108108,spam bot,141,32,74,0,0,0
2383725247,0.009803922,0.039215686,spam bot,175,27,102,0,0,0
2384187024,0.032967033,0.043956044,spam bot,172,35,91,0,0,0
2384243040,0.042253521,0.028169014,spam bot,160,38,71,0,0,0
2384614712,0.032608696,0.108695652,spam bot,161,27,92,0,0,0
2384657844,0.012048193,0.012048193,spam bot,157,22,83,0,0,0
2384784373,0.01369863,0.04109589,spam bot,160,30,73,0,0,0
2384832716,411.6105263,0.157894737,spam bot,489,96,95,0,0,0
2385017492,19.20879121,0.043956044,spam bot,900,70,91,0,0,0
2386012454,0.012195122,0.097560976,spam bot,142,31,82,0,0,0
2386538774,0.061728395,0.111111111,spam bot,154,31,81,0,0,0
2391867347,2.977272727,0.409090909,spam bot,43,7,45,1,1,0
2392882105,0.012,0.008,spam bot,84,20,795,0,0,0
2448331436,302.8842593,0.222222222,scam bot,0,38,266,1,0,0
2495663488,1575.048193,0.43373494,scam bot,0,0,85,1,0,0
2558753784,0.008,0.016,spam bot,38,41,2770,0,0,0
2577279787,0.032,0.016,spam bot,128,191,35948,0,0,0
2579207780,0.012,0.032,spam bot,66,147,9074,0,0,0
2579211932,0.028,0.076,spam bot,48,107,8187,0,0,0
2580232604,0.008,0.032,spam bot,115,213,13453,0,0,0
2580268597,0.024,0.056,spam bot,122,215,13570,0,0,0
2580592724,3704.863636,0.090909091,scam bot,0,4,24,1,0,0
2581844526,0.016,0.044,spam bot,113,208,14869,0,0,0
2583735798,0.02,0.036,spam bot,80,248,9162,0,0,0
2615946960,0.008,0.036,spam bot,189,226,27003,0,0,0
2645582425,0.028,0.076,spam bot,82,243,17203,0,0,0
2645788448,0,0.108,spam bot,86,198,11188,0,0,0
2647655401,0,0.02,spam bot,137,189,49175,0,0,0
2677641872,0.016,0.028,spam bot,89,267,13377,0,0,0
2677896769,0.012,0.02,spam bot,60,137,5317,0,0,0
2700434262,0.008,0.004,spam bot,92,113,74785,0,0,0
2723773225,0.016,0.024,spam bot,89,119,19236,0,0,0
2732397842,0.004,0,spam bot,56,104,22150,0,0,0
2732446718,0,0,spam bot,86,66,11805,0,0,0
2766113040,0.032128514,0.076305221,spam bot,28,40,4958,1,0,0
2766137106,0.004,0.072,spam bot,57,73,6170,0,0,0
2766181627,0.016,0.06,spam bot,44,115,8231,1,0,0
2785373829,0.02,0.028,spam bot,30,224,32451,0,0,0
2786138968,0.012,0.04,spam bot,44,176,64849,0,0,0
2786184251,0.028,0.088,spam bot,12,68,35757,0,0,0
2786192464,0.008,0.012,spam bot,30,132,41375,0,0,0
2786943825,0.008,0.012,spam bot,84,199,51966,0,0,0
2786980305,0.032,0.04,spam bot,60,179,53691,0,0,0
2787014584,0.016,0.032,spam bot,25,195,34197,0,0,0
2787053566,0.008,0.048,spam bot,45,215,36992,0,0,0
2787057239,0.036,0.036,spam bot,78,341,69127,0,0,0
2790626649,1938.5,0,scam bot,120,16,11,1,0,0
2791704203,0.012,0.032,spam bot,93,298,37742,0,0,0
2813786985,0.008,0.032,spam bot,11,46,46211,1,0,0
2814135472,0.008,0.016,spam bot,7,69,49777,1,0,0
2814893105,0.068,0.044,spam bot,65,194,69261,1,0,0
2815531324,0.008,0.02,spam bot,11,55,39666,1,0,0
2815546623,0.02,0.016,spam bot,17,43,43827,1,0,0
2815655381,0.02,0.036,spam bot,12,31,28913,1,0,0
2815669702,0.024,0.032,spam bot,11,118,22516,1,0,0
2881189474,0.004,0.008,spam bot,12,47,13178,1,0,0
2882469599,0,0.112,spam bot,53,195,19025,0,0,0
2888024378,706.1532258,2.076612903,scam bot,851,198,34523,0,0,0
2910051577,903.516129,0,scam bot,0,2,34,1,0,0
2935209041,0.02,0.024,spam bot,60,143,29699,0,0,0
2942470996,0.06,0.16,spam bot,38,25,10091,1,0,0
2966279225,0.008,0.056,spam bot,64,59,131228,1,0,0
2967468803,0,0.02,spam bot,137,225,80295,1,0,0
2972849692,0.004,0,spam bot,598,528,76578,1,0,0
2974415139,0.02,0.092,spam bot,154,145,68055,1,0,0
2998463923,23.16470588,0.447058824,scam bot,845,58,89,1,0,0
3032781021,0.008,0,spam bot,77,73,58903,0,0,0
3042874674,43.82352941,0,scam bot,0,0,20,1,0,0
3055225969,0.012,0.012,spam bot,0,4,772,1,0,0
3153362979,1.84,0.036,spam bot,52,253,10070,0,0,0
3157341339,0,0.004,spam bot,64,182,40698,0,0,0
3165893411,0.032,0.04,spam bot,104,269,48823,1,0,0
3167942682,0.032,0.04,spam bot,45,186,16141,0,0,0
3167950890,0.448,0.06,spam bot,47,138,32432,0,0,0
3167962440,0,0.004,spam bot,95,70,14526,0,0,0
3167964494,0.012,0.012,spam bot,98,65,8715,0,0,0
3167971386,0.004,0.012,spam bot,99,44,16316,0,0,0
3167992778,0.008,0.024,spam bot,33,181,20035,0,0,0
3168018530,0.008,0.016,spam bot,86,42,4009,0,0,0
3168022627,0.016,0.008,spam bot,48,98,24500,0,0,0
3168028789,0.004,0.02,spam bot,45,196,16798,0,0,0
3168029725,0.004,0.056,spam bot,39,204,26012,0,0,0
3168040651,0.008,0.032,spam bot,62,119,16877,0,0,0
3168041323,0.012,0.04,spam bot,90,77,25064,0,0,0
3168042265,0.008,0.024,spam bot,65,116,30644,0,0,0
3168043903,0.024,0.068,spam bot,91,157,20100,0,0,0
3168044893,0.016,0.048,spam bot,63,131,22373,0,0,0
3168047107,0.044,0.068,spam bot,0,77,7687,0,0,0
3193988145,72.824,6.324,scam bot,366,499,1489,0,0,0
3227904608,0.047619048,0.047619048,spam bot,7,3,42,1,0,0
3229520827,0.043478261,0.065217391,spam bot,3,4,46,1,0,0
3229551091,0.322580645,0.096774194,spam bot,4,3,31,1,0,0
3231014982,0.008,0.016,spam bot,84,118,18620,0,0,0
3231291522,0.051282051,0.102564103,spam bot,3,3,39,1,0,0
3231315638,0.068,0,spam bot,68,202,36254,0,0,0
3231842864,0.06,0,spam bot,64,115,21370,0,0,0
3231874357,0.04,0.088,spam bot,35,98,21265,0,0,0
3231879564,0.028,0.08,spam bot,43,119,8376,0,0,0
3231976172,0.012,0.016,spam bot,47,128,20763,0,0,0
3232215462,0.008,0.032,spam bot,23,102,15447,0,0,0
3234328321,0.157894737,0.105263158,spam bot,3,3,38,1,0,0
3235009453,0.008,0.032,spam bot,45,152,18141,0,0,0
3235105898,0.032,0.068,spam bot,65,169,15750,0,0,0
3238777032,0.012,0.02,spam bot,71,136,102704,0,0,0
3302446791,0.037735849,0.037735849,spam bot,5,4,53,1,0,0
3302525926,0.048780488,0.048780488,spam bot,0,2,41,1,0,0
3302530024,0.568181818,0.045454545,spam bot,0,2,44,1,0,0
3303491711,0.041666667,0.041666667,spam bot,7,4,48,1,0,0
3305460917,0.051282051,0.128205128,spam bot,4,7,39,1,0,0
3307816547,0.043478261,0.260869565,spam bot,8,3,46,1,0,0
3308945967,0.058823529,0.058823529,spam bot,10,3,34,1,0,0
4299178814,1427.5,0,scam bot,26,0,4,1,0,0
4331279781,0.164,0.08,spam bot,346,184,6721,1,0,0
4778298479,2195.59375,0.4375,scam bot,141,9,36,1,0,0
