,ID,Average of retweet_count,Average of favorite_count,bot_type,#of_friends,#of_followers,status_num,default_profile,geo_enabled,default_profile_image,avg_tweet_per_day
0,7732472,0.86,0.164,6,42,2743,1246,0,1,0,1.24137931
1,14938781,0.032,0.024,6,1567,925,368,0,1,0,1.984
2,15947185,17.316,3.156,7,135201,341492,126668,0,1,0,1.366666667
3,17640121,1927.802,0.119,1,229,31,128,0,1,0,1.145299145
4,21479515,0,0,8,282,341,213,0,1,0,1.948356808
5,21479634,0,0,8,283,299,208,0,1,0,2.645933014
6,21479977,0.005,0.005,8,278,288,217,0,1,0,1.347222222
7,21480027,0,0.005,8,279,278,214,0,1,0,2.44600939
8,21484370,0,0.005,8,280,289,218,0,1,0,2.917050691
9,21629735,0,0,8,279,301,205,0,1,0,1.660098522
10,21696097,0,0,8,281,280,218,0,1,0,1.603686636
11,21723832,0,0,8,281,312,214,0,1,0,2.953051643
12,21967510,0,0,8,320,354,213,0,1,0,1.657276995
13,22030724,0,0.012,8,213,230,303,0,1,0,1.40562249
14,22256645,457.804,1025.012,7,175539,4294576,34553,0,1,0,1.069672131
15,22293089,0.004,0.008,8,0,404,701,0,1,0,1.264
16,22578323,0,0,8,170,221,103,0,1,0,2.254901961
17,22597402,0.8,1.8,6,6353,4153,10,1,0,1,1
18,22663627,0.005,0.005,8,276,287,205,0,1,0,1.181372549
19,22728442,0.009,0.005,8,163,211,215,0,1,0,1.658878505
20,22930291,0,0.004,8,217,513,720,0,1,0,1.348
21,23140706,0,0.006,8,289,687,224,0,1,0,2.835294118
22,23162965,0,0.011,8,276,280,94,0,1,0,1.085106383
23,23222296,0.101,0,8,173,216,119,0,1,0,1.18487395
24,23225490,0.103,0,8,177,235,41,0,1,0,1
25,23257723,0,0,8,171,203,12,0,1,0,3.166666667
26,23258239,0.069,0.01,8,172,223,205,0,1,0,1.876847291
27,23264565,0.143,0.143,8,164,236,15,0,1,0,1.142857143
28,23504921,0,0,8,276,329,671,0,1,0,1.28
29,24213618,0.004,0.052,8,217,365,605,0,1,0,1.18
30,24222336,0,0,8,0,299,667,0,1,0,1.24
31,24224607,0,0.02,8,242,688,729,0,1,0,1.36
32,24315455,0,0.008,8,0,494,624,0,1,0,1.172
33,24317752,0,0.004,8,221,329,629,0,1,0,1.196
34,24321441,0,0,8,233,251,225,0,1,0,1.115555556
35,24385142,0,0.028,8,215,366,655,0,1,0,1.412
36,24387166,0,0,8,215,240,221,0,1,0,1.531818182
37,24601131,0.043,0,8,175,213,23,0,1,0,1.391304348
38,24602801,0,0.004,8,218,291,468,0,1,0,1.26
39,25006080,0.004,0.004,8,275,370,618,0,1,0,1.38
40,25060110,0,0,8,196,226,226,0,1,0,3.120930233
41,25449898,0.004,0,8,218,240,335,0,1,0,1.176
42,25775049,0,0,8,296,326,198,0,1,0,1.681818182
43,27159435,3272.087,0,6,1583,392,23,1,0,0,1.47826087
44,28587018,0,0.25,6,64,71,12,0,0,0,1
45,30428221,93.382,0.129,1,298,101,805,1,1,0,1.191780822
46,30969945,0,0.011,8,212,274,87,0,1,0,2.482758621
47,31228692,48.688,0.333,6,5134,4613,96,1,0,0,1.209302326
48,33633835,0.004,0.008,8,214,336,763,0,1,0,1.08
49,33869550,5082.667,0.111,1,96,21,9,1,0,0,1
50,33877660,0,0.009,8,213,263,235,0,1,0,1.29004329
51,34589722,0,2,1,0,15,1,1,0,0,1
52,35008954,0,0.012,1,0,9,358,1,0,0,8.511904762
53,35959749,423.996,12.56,1,2162,6422,17488,0,0,0,2.552447552
54,36477176,0.15,0.037,6,592,113,80,0,0,0,1.125
55,37302537,0,0,8,282,285,201,0,1,0,2.990049751
56,37369373,0,0,8,221,265,444,0,1,0,1.28
57,37384589,6347.377,0,1,38,39,516,0,0,0,4.234693878
58,37935992,0.004,0.012,8,0,1005,1759,0,1,0,3.123893805
59,37983502,0.012,0.004,8,0,462,812,0,1,0,1.288
60,38039576,0.008,0,8,0,456,811,0,1,0,1.456
61,38054032,0,0.004,8,476,508,695,0,1,0,1.412
62,38054164,0.008,0,8,487,430,281,0,1,0,1.196
63,38081689,0,0.008,8,474,388,595,0,1,0,1.4
64,38106309,0.004,0.048,8,471,476,807,0,0,0,1.696
65,38106485,0.064,0.004,8,0,581,592,0,1,0,1.228
66,38106903,0.004,0.008,8,0,451,671,0,1,0,1.236
67,38107317,0,0.056,8,475,420,680,0,1,0,1.28
68,38164107,0,0.004,8,0,533,929,0,1,0,1.144
69,38191818,0.004,0,8,0,448,644,0,1,0,1.204
70,38211602,0,0.004,8,0,389,640,0,1,0,1.56
71,38212146,0.004,0.004,8,0,408,601,0,1,0,1.26
72,38962259,0,0,6,1418,616,452,0,0,0,1.12
73,39156016,0,0,8,0,513,964,0,1,0,1.288
74,40010436,0,0.385,1,159,19,13,0,0,0,1
75,41620770,0,0,8,0,506,678,0,1,0,1.212
76,41638585,0,0.004,8,0,421,469,0,1,0,1.14
77,41638698,0.012,0.008,8,0,629,1128,0,0,0,1.428
78,41655099,0,0.016,8,0,445,753,0,0,0,1.384
79,41670875,0.028,0.012,8,0,397,547,0,1,0,1.156
80,41678763,0.167,0.833,6,0,1594,6,1,0,0,2
81,41686590,0,0.012,8,0,421,685,0,1,0,1.356
82,41982078,0.008,0.012,8,500,558,722,0,1,0,1.092
83,42157433,0.004,0.02,8,432,464,307,0,1,0,1.156
84,42157628,0.008,0.008,8,432,788,958,0,1,0,1.204
85,43258850,0.012,0.032,8,478,738,2659,0,1,0,1.596
86,43259836,0.004,0.004,8,471,408,237,0,1,0,1.167381974
87,43747581,0.034,0.041,6,1056,423,146,0,0,1,1.020547945
88,44191269,0,0,6,1469,565,16,1,0,0,1
89,45804432,0,0,6,611,97,1,1,0,0,1
90,47678112,0.5,0,6,3938,2760,14,1,0,0,1
91,47722321,0.333,0.222,1,0,9,9,1,0,0,1
92,48638750,0.172,1.092,1,1127,152,507,0,0,0,1.091286307
93,48712444,0.185,0,6,2286,2904,3843,0,0,0,9.068273092
94,49270232,0,0,6,1427,123,3,1,0,0,1
95,49588893,0,0.5,6,1475,118,2,1,0,0,1
96,49669394,0,0,6,336,35,2,1,0,0,1
97,49772550,0,0,6,971,76,2,1,0,0,1
98,49853823,0,0.012,8,249,203,616,0,1,0,1.28
99,49949709,0,0,6,578,63,2,1,0,0,1
100,50346336,9.655,0.012,6,0,678,517,0,0,0,1.153225806
101,50552240,0.004,0.02,8,432,457,663,0,1,0,1.088
102,51905951,0.5,1,6,609,67,2,1,0,0,1
103,51949191,0.008,0.012,8,432,560,719,0,1,0,1.092
104,52039977,0,0,6,569,56,2,1,0,0,1
105,52615792,700.023,0.034,2,0,22,94,1,0,0,1.2
106,53714790,0,1,6,236,36,1,1,0,0,1
107,53780726,0,0,6,241,34,1,1,0,0,1
108,53784356,0,0,6,237,30,1,1,0,0,1
109,53948371,0,1,6,656,68,1,1,0,0,1
110,54234822,4.667,0.004,6,1560,538,742,0,0,0,1.481927711
111,54244742,20.254,0.029,1,0,130,139,1,0,0,1.215384615
112,54353595,0.016,0.012,6,1998,1468,4666,1,0,0,1.016260163
113,54891461,0,0.068,6,1506,339,74,0,0,0,1.054054054
114,55221873,0,0.013,6,1510,291,80,0,0,0,1.125
115,55243788,0.013,0.1,6,1670,430,80,0,0,0,1.1
116,55256821,0,0.129,6,1531,462,85,0,0,0,1.070588235
117,55275603,0.02,0.089,6,1587,378,101,0,0,0,1.079207921
118,55396146,0,0.147,6,1605,480,75,0,0,0,1.04
119,55412037,0.015,0.169,6,1687,405,65,0,0,0,1.061538462
120,58384179,0.125,0.5,1,0,11,8,0,0,0,1.75
121,58624454,4.443,0.016,6,1559,260,62,0,0,0,1.081967213
122,59434448,0,0,6,289,43,2,1,0,0,1
123,59904140,8.328,0,6,70,114,122,0,0,0,1.188679245
124,60257479,3785.189,0.054,1,545,11,48,1,0,0,1.378378378
125,60375971,0,0.364,1,0,4,11,1,1,0,1.666666667
126,60430191,1,0,6,279,39,2,1,0,0,1
127,62204600,205.822,0.017,1,53,27,119,0,0,0,1.127272727
128,62730539,0.008,0.012,8,432,413,306,0,1,0,1.308
129,63065682,0,0,6,685,98,3,1,0,0,1
130,63312941,0,0.021,6,1703,613,96,0,0,0,1.354166667
131,63417814,57.935,0.046,1,1334,113,109,1,0,0,1.018518519
132,63579810,0.25,0.5,6,122,13,4,1,0,0,1
133,63737626,0,0,8,432,449,358,0,1,0,1.244
134,64148519,0.5,0.5,6,592,85,2,1,0,1,1
135,64169835,0,0.032,8,432,459,529,0,1,0,1.068
136,64297402,2.172,0,6,1396,467,418,0,1,0,4.34351145
137,64636395,0,0,6,1229,81,2,1,0,1,1
138,64725115,0.008,0.008,6,733,258,124,1,0,0,1.115044248
139,64987143,0,0,6,1273,78,1,1,0,0,1
140,65257967,0,0.333,6,1240,95,3,1,0,0,1
141,65332295,0,0,6,1252,80,2,1,0,0,1
142,66618364,0.059,0.235,1,0,20,17,0,0,0,1
143,66807259,0,0,8,209,256,601,0,1,0,1.236
144,67004702,0,0.004,8,208,269,610,0,1,0,1.313253012
145,67242405,0.014,0.009,8,216,230,222,0,1,0,1.557603687
146,67404263,0,0.005,8,212,229,216,0,1,0,2.417061611
147,67537846,0,0.037,8,432,573,214,0,0,0,1.257009346
148,67595009,167.111,0,6,92,215,76,1,0,0,15
149,67604511,0,0,6,456,112,1,1,0,0,1
150,67604772,0.01,0.005,8,432,483,209,0,0,0,1.22815534
151,67946273,0,0.167,1,529,12,6,1,0,0,1
152,68203632,1,0,6,203,51,1,1,0,0,1
153,68246597,0,0.009,6,604,46,230,0,0,0,17.01162791
154,68332605,0,1,6,623,106,1,1,0,0,1
155,68918886,0,1,6,508,165,1,1,0,0,1
156,69201180,0.956,1.272,6,52415,51859,2409,0,0,0,1.255060729
157,69202294,0,1,6,560,182,1,1,0,0,1
158,69218933,0,0,6,479,151,1,1,0,1,1
159,69280475,0,0,6,383,47,7,1,0,0,1.285714286
160,69412978,34.466,0.157,1,747,286,363,0,1,0,1.471962617
161,69492703,1,0,6,464,104,1,1,0,0,1
162,69502707,0,0,6,517,130,1,1,0,0,1
163,69509049,1,1,6,516,128,1,1,0,1,1
164,70038696,0,0,8,241,251,241,0,1,0,2.495762712
165,71467598,0.222,0.056,8,432,448,18,0,1,0,1.111111111
166,71564424,0,0,6,0,69,15,0,0,0,1.066666667
167,71635706,0,0.02,8,0,235,782,0,1,0,1.626506024
168,71722242,0,0,8,0,203,716,0,1,0,1.428
169,71776798,0,0,6,566,138,2,1,0,0,1
170,71793700,0.004,0.008,8,245,216,332,0,1,0,1.084
171,71826144,0,0.039,8,249,200,51,0,1,0,1.058823529
172,71940079,0,0,8,251,268,741,0,1,0,1.268
173,71943510,0,0.004,8,0,311,709,0,1,0,1.272
174,71966331,0,0.004,8,251,338,825,0,1,0,1.164
175,72033272,0,0.032,8,0,235,644,0,1,0,1.24
176,72041194,0,0.008,8,247,272,722,0,1,0,1.596
177,72042541,0.004,0,8,0,223,595,0,1,0,1.40562249
178,72059138,0.004,0,8,244,200,599,0,1,0,1.204819277
179,72068550,0,0.016,8,0,233,785,0,1,0,1.22
180,72076822,0,0,8,252,217,692,0,1,0,1.632
181,72186699,11.58,0.704,1,1801,538,4131,0,1,0,1.195744681
182,72207735,0,0.016,8,233,189,401,0,1,0,1.468
183,72208069,0,0.008,8,233,212,682,0,1,0,1.544
184,72209365,0,0.012,8,0,198,647,0,1,0,1.56
185,72211081,0,0.012,8,0,219,598,0,1,0,1.172
186,72373568,0,0.004,8,232,188,236,0,1,0,1.710638298
187,72432504,0,0.008,8,0,214,626,0,1,0,1.416
188,72852291,0,0.2,1,0,10,20,1,0,0,1
189,72979450,155.284,0,6,0,560,330,0,1,0,1.333333333
190,73049791,0,3,6,504,62,1,1,0,0,1
191,73246645,0.143,0,6,512,135,7,0,0,0,1
192,73851157,0,0,6,387,60,1,1,0,0,1
193,73851368,0,0,6,326,45,1,1,0,0,1
194,74120658,0.012,0.088,6,854,161,269,0,0,0,1.096
195,74389659,0,1,6,551,99,1,1,0,0,1
196,74630038,23.904,0.084,6,1673,8515,22651,0,1,0,1.356807512
197,74637832,0,0,8,435,396,200,0,1,0,1.82
198,74638959,0.014,0.005,8,432,396,207,0,1,0,1.033816425
199,74995296,0.111,0,6,492,58,9,0,0,0,1
200,75710563,0,0,8,432,490,22,0,1,0,1
201,75727230,0,1,6,401,117,1,1,0,0,1
202,75863742,6.688,7.048,5,88453,106295,9435,1,0,0,1.161702128
203,75999733,0.005,0.011,8,432,426,186,0,1,0,1.064516129
204,76000096,0.01,0.034,8,432,429,205,0,1,0,1.863414634
205,76361849,1.325,0.04,1,0,47,126,0,0,0,1.139344262
206,76530984,2,1,6,439,72,1,1,0,0,1
207,77161645,0,0,6,518,72,1,1,0,0,1
208,77243796,66.421,0.105,1,1088,14,19,0,0,0,1.166666667
209,77413855,224.902,0.02,1,0,14,943,1,0,0,9.392523364
210,77727490,0.009,0.009,8,432,448,220,0,1,0,1.290909091
211,78423507,0.06,0.005,8,432,746,184,0,1,0,1.010869565
212,78466461,0.007,0,8,437,381,135,0,1,0,2.097014925
213,79361616,0,0,6,576,154,1,1,0,0,1
214,79362510,0,0,6,492,111,4,1,1,0,1.333333333
215,79443295,0,2,6,595,124,1,1,0,0,1
216,79860976,0,0.5,1,0,4,8,1,0,0,1
217,79966861,0,0,6,493,74,1,1,0,0,1
218,80194139,0,0.036,1,0,8,29,1,0,0,1
219,80345479,0,0,6,158,142,9,0,0,0,1
220,80479674,0.607,0.179,1,1443,34,28,0,1,0,1
221,82100136,5.698,0.023,1,57,18,43,1,1,0,1.119047619
222,82122078,0.5,2.5,1,0,17,4,0,0,0,1
223,83210368,133.21,0,6,1659,296,157,0,0,0,1.141025641
224,84114859,10456.564,0.026,2,0,8,43,1,0,0,1.451612903
225,84325988,0,0.015,6,1457,460,134,1,0,0,1.007462687
226,84602929,0.226,0.006,6,986,256,155,0,0,0,1.361111111
227,85126240,0,0.008,6,602,275,482,0,0,0,1.256
228,85254758,26.577,0.019,2,0,9,57,1,0,0,1.947368421
229,86517226,0,0.007,6,350,66,137,0,0,0,1.131386861
230,87752806,0,2.333,1,0,10,3,1,0,0,1
231,88004842,1,0,6,19,695,1,0,0,0,1
232,88563527,0.01,0.048,1,615,13,105,0,1,0,1.00952381
233,91162581,0.02,0,6,1171,1252,98,0,0,0,1.020408163
234,91350980,55.092,0.217,1,22,258,390,0,1,0,1.216589862
235,91781300,14.62,0.045,1,0,360,4585,0,1,0,1.953333333
236,92041890,61.626,0,6,29,267,149,1,1,0,1.129251701
237,93083959,7.472,0.004,6,1660,809,232,0,0,0,1.131004367
238,94528740,0,1.636,1,0,23,11,0,0,0,1
239,95690748,0,0,6,554,164,41,0,0,0,1
240,96668347,23.818,0.008,6,1752,682,525,0,0,0,1.345454545
241,96917059,8.408,0.037,1,0,139,1197,0,1,0,1.122362869
242,97275343,0,0,1,0,17,3522,0,0,0,2.531428571
243,98888058,0,0.25,6,1661,657,8,1,0,0,2.75
244,99323986,0.5,0.5,6,1620,500,6,1,0,0,3.333333333
245,99545852,0.004,0.02,8,0,221,359,0,1,0,1.518072289
246,101330311,0.012,0.044,6,2673,1700,684,0,0,0,1.192
247,101330413,68.028,0.012,1,1267,58,1178,0,0,0,1.108333333
248,101615403,0,0.08,6,944,170,25,0,0,0,1
249,101647448,0.016,0.008,7,27,111,3261,1,0,0,1
250,102508730,9513.931,0.097,6,433,897,58623,0,1,0,6.2
251,102514432,0,0,6,681,75,1,1,0,1,1
252,103020806,0.044,0.028,6,8805,7533,395,1,0,0,1
253,103614496,0,0.053,6,686,107,19,1,0,1,1.052631579
254,103688844,5.053,0,6,1536,430,57,0,0,0,1.245614035
255,103919687,0,0,6,653,44,4,0,0,0,1.25
256,104256888,0,0,6,441,67,6,1,0,1,1.333333333
257,104394959,0,0.05,6,724,133,20,1,0,0,1.2
258,104520384,0.038,0,6,764,140,53,0,0,0,1.41509434
259,104896954,0,0.004,6,0,1543,2757,0,0,0,3.228
260,104897023,0.029,0,6,1665,807,36,0,0,0,1.147058824
261,104991578,0.059,0,6,708,106,17,0,0,0,1.117647059
262,105748476,0,0.5,1,0,15,2,1,1,0,1
263,105790281,0.017,0.051,1,1054,52,59,1,1,0,1.150943396
264,106301592,0,0,6,169,25,2,0,0,0,1
265,106378113,0.556,0,6,970,418,22,0,0,0,1.058823529
266,106394146,20.5,0.056,6,431,234,19,1,0,0,2.529411765
267,106522802,0,1,6,561,73,1,1,0,1,1
268,107436496,6.795,0,6,1622,594,40,0,0,0,1.384615385
269,107549781,0,0,6,486,51,13,1,0,1,1.307692308
270,107727712,1,0,6,521,84,17,1,0,1,1.352941176
271,107914508,0.164,0.24,1,919,3498,94137,0,1,0,20.19047619
272,109066883,1.733,3.367,1,71,246,122,0,0,0,1.364583333
273,109075883,0,0.042,1,0,17,48,1,1,0,4.181818182
274,109633855,0,2,6,255,168,2,1,0,1,1
275,112131340,0,0.036,1,0,7,394,1,0,0,1.306666667
276,112429918,0,0,6,1064,1062,6599,1,0,0,1.272
277,112540516,0,0.03,1,0,26,135,1,0,0,1.037037037
278,112544426,0,0,6,75,21,11,0,0,0,1
279,114079307,0,0.143,6,667,230,14,0,0,0,1
280,114488344,0.026,0.013,1,124,33,76,1,0,0,1.04
281,116016837,0,0,6,623,171,75,0,0,0,1.453333333
282,119227710,0,0.385,1,0,12,13,1,0,0,1
283,121309790,0.005,0.011,1,0,31,182,1,0,0,1.114942529
284,122511648,99.577,0,1,73,11,27,0,1,0,1
285,123599990,196.967,0,1,347,19,31,0,0,0,1.034482759
286,124419079,0,1,1,0,9,2,0,1,0,1
287,125514462,0.083,0.333,1,0,8,12,1,0,1,1.166666667
288,128620164,0,1,1,0,9,2,1,0,0,1
289,129549447,0.028,0.06,5,547,488,8499,0,1,0,1.545454545
290,130061775,0.004,0.012,8,249,268,549,0,1,0,1.316
291,132278621,0,0,1,7,10,9,0,0,0,1.125
292,134332869,0.042,0.292,1,0,20,24,1,1,0,1.083333333
293,134678238,0.4,2,1,0,24,5,0,1,0,1
294,137515361,0,5,1,0,6,1,1,0,0,1
295,137959629,0.667,0,1,0,9,3,1,1,0,1
296,138667565,2.308,57.684,7,538,34640,36843,1,0,0,13.51219512
297,140176665,559.324,0.004,1,227,118,333,0,0,0,1.623853211
298,147852405,0,4,1,1137,38,1,1,0,0,1
299,147954455,0.667,1,1,0,21,3,1,0,0,1
300,148896431,0,0.184,1,0,7,38,0,0,0,2.294117647
301,150861478,113.081,0.044,1,644,33,500,0,1,0,1.760638298
302,152259498,16720.25,0.625,1,0,5,33,1,0,0,4
303,152846674,0,0.5,1,0,12,2,0,0,0,1
304,154237500,0,0.2,1,1105,8,20,1,1,0,1.333333333
305,154856763,20.961,0.039,1,0,5,52,1,0,0,3.4
306,156922624,0.016,0.016,7,493,259,2767,0,0,0,1
307,157882115,0.016,0.028,5,1287,769,21220,0,0,0,4.408906883
308,157882740,0.012,0.012,5,1027,760,19526,0,0,0,4.700404858
309,157884271,0.012,0.024,5,1531,837,21833,0,0,0,4.870445344
310,157899229,0.016,0.032,5,1245,723,21172,0,0,0,4.646586345
311,157899996,0.008,0.02,5,1569,699,20077,0,0,0,4.578313253
312,158541730,0.034,0.414,1,0,8,29,1,0,0,1.068965517
313,162035733,0.016,0.04,5,1361,884,20594,0,0,0,4.629032258
314,165778169,0.016,0.02,5,779,664,20816,0,0,0,4.56626506
315,165790334,0.008,0.048,5,1591,595,20213,0,0,0,4.641129032
316,168218491,0.078,0.008,8,247,422,135,0,1,0,1.178294574
317,168872531,0.008,0.016,1,0,57,570,0,1,0,1.134146341
318,169147207,0.703,0.06,1,484,84,2788,0,1,0,1.461139896
319,169474438,0.5,4.5,1,0,3,2,1,0,0,1
320,170144297,382,0,1,612,18,1,1,0,0,1
321,170241204,506.604,0,2,302,19,54,1,1,0,1.282051282
322,172164229,0,0.25,1,0,8,4,1,0,0,1
323,173215914,791.259,0.333,1,1345,21,28,1,1,0,1.173913043
324,176096243,94.54,0.075,1,872,172,2396,0,1,0,5.178082192
325,176506844,0,3.5,1,1312,17,2,1,0,0,1
326,177671726,21.181,0.201,3,104,23,263,0,0,0,1.186440678
327,179295032,0.012,0.008,7,0,2,1883,1,0,1,1
328,179562837,0.008,0.008,7,0,2,304,1,0,0,1
329,182390315,0,0.015,8,453,422,70,0,1,0,1.123076923
330,184667668,0.012,0.02,7,1122,221,413,1,0,1,1.02
331,185933483,0,0.154,1,0,13,26,1,0,0,1
332,189015964,113.676,0,1,1091,11,323,1,0,0,4.494623656
333,190796770,263.055,0.022,1,217,53,92,0,1,0,1.172839506
334,193818184,1053.167,0.056,2,0,7,18,0,0,0,1.857142857
335,194777903,0.012,0.012,5,1265,758,21424,0,0,0,4.558232932
336,194780405,0.012,0.028,5,1367,626,21265,0,0,0,4.634146341
337,195005434,0.016,0.04,5,1508,688,19857,0,0,0,4.431451613
338,195006541,0.008,0.02,5,622,966,21619,0,0,0,4.842975207
339,195017418,0.008,0.024,5,1765,647,20612,0,0,0,4.481781377
340,195018333,0.008,0.028,5,877,552,22523,0,0,0,4.396
341,195019019,0.008,0.024,5,1393,535,20953,0,0,0,4.548
342,195049424,0.008,0.012,5,981,764,20828,0,0,0,4.451612903
343,195625268,0,0.667,1,0,3,6,0,0,0,1
344,198243810,0,9,1,0,12,1,1,0,0,2
345,198277538,1,5,1,618,46,1,0,0,0,1
346,201190422,0.5,0,1,0,29,16,0,0,0,1
347,201425184,0.02,0.012,5,1100,808,20749,0,0,0,4.540650407
348,210428729,84.272,0.012,1,616,37,84,1,0,0,1.260869565
349,212779829,0.108,0.052,5,941,890,19822,0,0,0,4.639676113
350,212882298,628.922,0.012,2,0,15,292,1,0,0,1.170403587
351,214549887,181.143,1.714,1,161,48,21,0,0,0,1.095238095
352,214632102,0,2.333,1,0,15,3,0,0,0,1
353,215154980,1,0,1,3,12,1,1,0,0,1
354,215663794,0.036,0.028,5,871,622,23898,0,0,0,2.412
355,215693377,0.008,0.032,5,1081,810,18640,0,0,0,4.332
356,217992483,0,1,1,0,5,3,1,0,0,1
357,220097040,0.012,0.012,5,0,939,21258,0,0,0,4.765182186
358,224567425,0,0.1,1,558,72,30,0,0,0,1.034482759
359,227650216,107.077,0.077,1,111,10,13,0,0,0,1
360,228720947,0.143,0.024,1,1324,42,42,0,1,0,1.024390244
361,229906054,0,2.5,1,0,1,2,1,0,0,1
362,233884874,4.396,0.02,1,616,5,667,0,0,0,8.512195122
363,234587511,22.657,0.015,1,43,23,67,0,1,0,1.125
364,237036122,11117.097,0,1,0,25,371,0,0,0,1.153508772
365,237178034,0.992,2.42,3,6734,8610,2521,0,0,0,1.404
366,237860975,0.012,0.012,5,1569,584,20853,0,0,0,4.64516129
367,238531661,0,1,1,0,1,3,1,0,0,1
368,239910996,0.036,0.04,5,1199,925,20037,0,0,0,4.586345382
369,240422007,1024.953,0.031,1,0,38,80,1,1,0,1.431372549
370,241041165,0,0,1,0,3,5,1,0,0,1
371,241206543,0.02,0.024,5,1083,848,21735,0,0,0,4.601626016
372,241228977,0.008,0.02,5,1123,1062,21920,0,0,0,4.628
373,241243279,0.02,0.012,5,1225,744,20974,0,0,0,4.419354839
374,241312583,0.012,0.012,5,1143,653,24427,0,0,0,2.334677419
375,241915215,8.427,1.785,2,731,3768,8505,0,0,0,1.195020747
376,242206951,0,2,1,0,7,2,1,0,0,1
377,242534704,0.02,0.028,5,1284,793,21118,0,0,0,4.834008097
378,243556904,0,0.028,1,580,46,2325,1,1,0,1.139830508
379,243707462,0.008,0.016,5,1338,535,20335,0,0,0,4.5951417
380,244202085,0.016,0.028,5,1295,997,20725,0,0,0,4.518072289
381,244568143,74.766,0.064,2,0,9,49,1,0,0,1.243902439
382,249011468,6.125,0.25,1,0,9,8,1,0,0,1.25
383,250970687,0.111,0.444,1,0,15,9,0,0,0,1.571428571
384,253111142,0.205,0.045,1,0,88,200,1,0,0,1.259887006
385,253239439,0.132,0.004,1,0,134,742,1,0,0,1.024489796
386,254394005,333.55,0.05,2,0,8,44,1,0,0,1.297297297
387,254618989,0,0.077,1,192,16,19,1,0,0,7.75
388,254839933,0,3,1,0,7,2,0,0,0,1
389,254976820,0.143,0,1,0,10,15,1,0,0,1
390,258069307,4514.733,0.133,1,0,12,16,0,1,0,1.071428571
391,261915122,0.04,0.12,1,58,31,25,1,1,0,1.086956522
392,263549739,1246.385,0,2,0,5,29,1,0,0,1.08
393,265551997,0,1,1,0,9,1,0,0,0,1
394,266064479,0,0.004,8,231,191,234,0,1,0,1.094420601
395,267092571,0,0.333,1,0,3,15,1,0,0,4.428571429
396,267781978,0,3,1,0,4,1,0,0,0,1
397,269201871,0,0.02,1,522,4,393,1,1,0,1.164556962
398,270442712,2729.857,0.082,1,0,12,73,1,0,0,2.463414634
399,270494010,0.252,0.008,1,41,73,7007,0,1,0,1.359223301
400,275881452,25.424,0.532,1,73,339,1150,0,0,0,2.246666667
401,278082770,4.219,0.123,1,0,40,75,1,0,0,1.082191781
402,279388955,0.14,0.032,1,0,30,302,1,1,0,1.092436975
403,291191096,0.5,1.5,1,0,6,2,0,0,0,1
404,293830909,16720.25,0.25,1,0,10,32,1,0,0,4
405,294687282,52.667,0.333,1,119,34,3,1,0,0,1
406,295394982,0,0.083,1,0,7,12,0,0,0,1
407,297021045,0.024,0.024,5,393,690,21080,0,0,0,4.714859438
408,297548417,0.012,0.012,5,1215,736,19413,0,0,0,4.644
409,297613967,0.032,0.032,5,1266,900,20814,0,0,0,4.710843373
410,304196805,0.261,0.957,2,0,8,23,1,0,0,2.0625
411,306207069,0.012,0.036,5,744,929,22446,0,0,0,4.439516129
412,306479404,0.008,0.028,5,1361,592,22584,0,0,0,4.524390244
413,307819895,0.012,0.004,1,82,23,348,0,0,0,1.050209205
414,309434421,0.143,0.571,1,0,7,7,0,0,0,1
415,310462159,0.02,0.024,5,1638,774,19510,0,0,0,4.388
416,313626619,0,0,8,266,283,73,0,1,0,1.166666667
417,314162343,0,0,8,271,290,132,0,1,0,1.969465649
418,314201545,0,0.013,8,272,298,235,0,1,0,2.243362832
419,314265702,0,0,8,273,287,47,0,1,0,1.02173913
420,317248347,0,1,1,484,9,2,1,0,0,1
421,317953097,0.011,0.048,8,280,321,186,0,1,0,1.032258065
422,319802566,0.1,0.3,1,0,9,10,0,1,0,1
423,325789799,0.012,0.028,5,894,1003,21054,1,0,0,4.312
424,326241359,238.464,0,1,3,5,28,0,0,0,1.346153846
425,327747371,0.008,0.02,5,1460,567,22699,0,0,0,4.452
426,327748532,0.02,0.028,5,1336,840,21491,0,0,0,4.726530612
427,330531182,0.008,0.012,5,1420,837,20643,0,0,0,4.874493927
428,331801034,0.012,0.068,5,1709,779,20196,0,0,0,1.248868778
429,331801886,0.008,0.04,5,1181,608,18944,0,0,0,4.48582996
430,331809299,0.012,0.044,5,0,641,24746,0,0,0,2.278225806
431,334163536,0.024,0.04,5,1209,712,20873,1,0,0,4.544715447
432,334747962,0.032,0.044,5,1072,655,21998,0,0,0,4.705645161
433,334748859,0.016,0.02,5,1551,615,21446,0,0,0,4.319838057
434,334754360,0.02,0.024,5,1512,739,20574,0,0,0,4.44534413
435,334825381,0.02,0.044,5,712,816,20335,0,0,0,4.483870968
436,334826952,0.016,0.06,5,960,696,14513,0,0,0,2.032
437,335192481,0.008,0.028,7,110,359,19456,0,0,0,1.935897436
438,335405859,0.024,0.08,5,1190,1022,20596,0,0,0,4.576612903
439,335409261,0.008,0.028,5,1546,591,19797,0,0,0,4.693877551
440,336051161,415.936,0.064,5,134,28,79,0,0,0,1.525423729
441,336713356,0,3,1,0,2,1,1,0,0,1
442,337161218,115.833,0.333,1,0,9,7,1,0,0,1
443,337653685,27.365,0.065,1,1561,532,8395,1,1,0,2.33557047
444,339021400,300.8,0.533,2,97,15,30,0,0,0,1.222222222
445,346747046,0,4,1,0,17,1,1,0,0,1
446,346790259,0,1.667,1,0,12,3,1,0,0,1
447,347506040,0.008,0.036,5,1285,176,16335,0,0,0,2.321285141
448,347579782,0.008,0.02,5,1278,745,20626,0,0,0,4.713709677
449,347587058,0.012,0.024,5,1570,743,21055,0,0,0,4.441295547
450,347595019,0.02,0.044,5,742,984,20325,0,0,0,4.931174089
451,349979518,0,0.22,1,137,32,41,0,1,0,1.566666667
452,351889016,1355.786,0.048,1,0,30,142,0,1,0,1.115384615
453,355303911,0,0.11,1,0,36,73,1,0,0,1.274193548
454,355821619,184.674,0.07,1,207,208,45,1,1,0,1.125
455,355843642,0,0,1,0,20,8,0,0,0,1
456,355993172,28.618,0.206,1,1209,25,34,0,0,0,1.653846154
457,357088003,1287.196,0.214,2,0,18,63,1,0,0,1.434782609
458,357110189,0,0.015,8,262,269,137,0,1,0,1.335766423
459,358424054,0,0,8,231,194,200,0,1,0,1.175
460,360201053,0,0.007,8,269,300,147,0,1,0,1.414965986
461,360743981,0.016,0.056,5,1409,624,23550,0,0,0,2.492
462,360747829,0.016,0.016,5,1307,454,23045,1,0,0,4.656
463,365334598,0,0.667,1,0,5,3,1,0,0,1.333333333
464,370384848,4.25,0,2,0,17,16,0,0,0,1.230769231
465,370960192,0.116,0.204,5,4611,5803,64237,0,0,0,1.089068826
466,373612487,86.943,0.264,1,59,193,55,0,1,0,1.212765957
467,377408959,10,0.692,1,0,11,13,1,0,0,1.083333333
468,377994769,123.041,0,1,0,8,49,1,0,0,2.966666667
469,382916532,189.445,0.012,1,0,60,340,1,0,0,1.711764706
470,384501016,976.365,0.036,1,0,6,163,0,0,0,1.175182482
471,390471074,38.214,0.286,1,701,16,14,0,0,0,1
472,391017238,0,1,1,0,6,3,1,0,0,2.5
473,393352485,0.076,0.096,5,0,1046,9544,0,0,0,1.248
474,395458764,0,0.036,1,0,5,6804,1,0,0,5.629032258
475,398813548,4.526,0,1,439,50,19,1,1,0,1.166666667
476,400069220,0.1,0.2,1,6,11,20,1,0,0,1.157894737
477,401190123,0,0.028,1,0,5,402,1,0,0,1.263392857
478,401287742,382,0,1,0,5,1,1,0,0,1
479,407185445,0,0,8,260,290,177,0,1,0,1.382857143
480,407371142,0,0.094,1,669,17,33,0,1,0,1
481,411288201,0,7,1,420,2,1,0,0,0,1
482,413650968,0,0.2,1,0,6,15,1,1,0,1
483,419862060,1236.101,0.275,2,0,25,73,1,0,0,1.679245283
484,420658286,3.983,0.041,1,0,17,124,0,0,0,1.356435644
485,422415442,0,0,1,0,6,6,1,0,0,1.6
486,422510662,4962.115,0,2,9,5,28,1,1,0,1.375
487,430175527,0.008,0.036,5,525,439,20394,0,0,0,2.4
488,430928749,0.016,0.052,3,25,1016,57554,0,0,0,1.054393305
489,433495525,2226.09,0.119,1,1154,16,90,1,0,0,1.388059701
490,434727810,1.113,1.182,3,9171,10003,2542,0,0,0,1.647058824
491,434775697,0.682,1.07,3,6386,9110,1067,0,0,0,1.075
492,434795107,5.076,1.181,3,9442,10135,2670,0,0,0,1.321285141
493,435591257,0,2.333,1,0,7,3,1,0,0,1.333333333
494,448310199,0,0.032,1,434,16,550,1,1,0,1.054852321
495,451920644,18.23,0.028,1,576,47,182,0,0,0,1.170886076
496,455075718,0,0.02,8,172,221,99,0,1,0,1.060606061
497,456934703,0.016,0.016,5,1347,579,19936,0,0,0,4.593495935
498,456939896,0.012,0.028,5,1302,564,20398,0,0,0,4.292
499,457013718,50.938,0.25,1,973,13,16,0,0,0,1.2
500,458941316,304.528,0.264,3,0,116,1937,0,0,0,1.203883495
501,461290098,101.804,0.33,2,0,50,120,0,0,0,1.477272727
502,465325633,0.116,0.408,3,8288,7479,3653,0,0,0,1.464
503,465393290,1.168,0.5,3,7237,6512,3604,0,0,0,1.348
504,465405613,1.206,0.444,3,7308,6547,3599,0,0,0,1.431451613
505,465418896,2.036,0.416,3,6661,5991,3671,0,0,0,1.42
506,465431259,0.305,0.948,3,14824,13823,935,0,0,0,1.048979592
507,466109264,0.628,1.052,3,12391,11559,3557,0,0,0,1.441767068
508,466139143,0.211,0.553,3,7602,6904,922,0,0,0,1.053497942
509,466161043,3.951,2.35,3,16376,15976,819,0,0,0,1.090534979
510,466189857,14,0,3,8783,8031,8,0,0,0,2
511,466221249,0.749,2.012,3,13858,13439,3033,0,0,0,1.068825911
512,466241419,33.8,0,3,7499,7012,11,0,0,0,1
513,466267904,0.452,0.952,3,8372,7124,2590,0,0,0,1.085020243
514,466272878,0.872,2,3,19172,18901,971,0,0,0,1.083682008
515,466289763,1.64,0.44,3,7496,6636,3702,0,0,0,1.472
516,466293888,1.273,3.225,3,11957,11390,2298,0,0,0,1.309236948
517,466295605,0.763,0.747,3,8729,8102,3451,0,0,0,1.417670683
518,466309651,1.57,0.928,3,7085,7010,3401,0,0,0,1.345381526
519,466310732,0.867,0.522,3,10422,9139,3502,0,0,0,1.449799197
520,466314172,1.123,1.613,3,15416,14679,1125,0,0,0,1.126086957
521,466365951,1.76,4.228,3,0,14109,2340,0,0,0,1.25203252
522,466366851,1.565,1.25,3,12847,11962,3642,0,0,0,1.471774194
523,466372053,1.137,0.916,3,10796,9965,3396,0,0,0,1.467741935
524,466379768,1.656,0.824,3,7183,7449,3621,0,0,0,1.556
525,466386773,5,0,3,9813,9399,4,0,0,0,1
526,466387081,3.58,0.368,3,6635,5928,3595,0,0,0,1.38
527,466395857,9.692,0.154,3,8975,11431,16,0,0,0,1.272727273
528,466409574,1.128,0.556,3,5446,4765,3440,0,0,0,1.404
529,466415815,2.996,0.612,3,9667,8451,3607,0,0,0,1.472
530,466485845,0.884,1.392,3,9289,8577,3629,0,0,0,1.532
531,466602487,0,0,2,90,2,17,1,1,0,1.818181818
532,467095185,4.037,3.134,3,17107,17044,973,0,0,0,1.052845528
533,467105761,0.156,0.152,3,669,855,3318,0,0,0,1.060240964
534,467109176,1.049,2.196,3,16080,17153,872,0,0,0,1.053497942
535,467110763,1,0,3,10229,10235,3,0,0,0,1
536,467132777,3.092,0,3,8616,8372,2400,0,0,0,7.409090909
537,467136996,0.24,0.836,3,10791,10361,3457,0,0,0,1.544
538,467153239,3.117,0.476,3,7294,6806,3575,0,0,0,1.463709677
539,467180613,1.352,2.834,3,14253,13937,2446,0,0,0,1.398373984
540,468059646,0.755,0.345,3,7434,6680,3507,0,0,0,1.224899598
541,468099552,13.536,0.301,3,7024,6278,952,0,0,0,1.046610169
542,468126635,0.972,0.546,3,5663,5528,3522,0,0,0,1.477911647
543,468129657,0.53,0.365,3,6298,6777,3523,0,0,0,1.43373494
544,468155641,2.149,0.39,3,6462,5706,3567,0,0,0,1.453815261
545,468691190,9804.872,0.128,2,0,20,51,1,0,0,1.75
546,469178446,0,3.5,1,0,5,2,1,0,0,1
547,470080932,3238.86,0.047,2,0,10,44,1,0,0,1.965517241
548,475035176,123.084,0.169,1,665,34,439,0,0,0,1.328638498
549,479896389,0.02,0.012,5,281,192,1157,1,0,0,1.024
550,481767405,98.469,0.156,2,277,151,98,1,0,0,1.19047619
551,486647349,0.519,0.269,1,0,780,54,1,0,0,1.454545455
552,509680266,3,0,3,6227,5516,6,0,0,0,1
553,512084670,92.612,0,1,0,11,652,1,0,0,8.810126582
554,514736144,0,0.182,1,1524,22,23,1,0,0,1
555,516315537,1387.922,0.117,2,0,31,110,1,0,0,1.727272727
556,520998731,0.016,0.036,5,1433,545,20084,0,0,0,4.550200803
557,522334559,0.008,0.008,5,1395,611,20462,0,0,0,4.719512195
558,522574094,0.012,0.037,5,1471,529,18952,0,0,0,4.433884298
559,531130708,0.02,0.048,5,613,852,23598,1,0,0,2.369477912
560,531134291,0.092,0.05,5,944,550,21307,1,0,0,2.59832636
561,531134893,0.016,0.064,5,1601,643,18628,1,0,0,4.735772358
562,531135197,0.016,0.032,5,528,478,22063,1,0,0,2.435483871
563,531137422,0.016,0.02,5,819,460,19921,1,0,0,2.459677419
564,531138997,0.016,0.04,5,1678,667,19398,1,0,0,2.752
565,531141808,0.012,0.036,5,1002,838,23156,1,0,0,2.313253012
566,531141814,0.012,0.044,5,1754,595,20019,1,0,0,2.596774194
567,531144512,0.165,0.033,5,534,522,22489,1,0,0,2.174273859
568,531146284,0.093,0.045,5,974,569,22953,1,0,0,2.367346939
569,531148316,0.012,0.028,5,1420,775,22098,1,0,0,2.76446281
570,531148975,0.016,0.032,5,1044,815,20036,1,0,0,2.703252033
571,531151339,0.099,0.053,5,1153,578,21722,1,0,0,2.334710744
572,531152071,0.057,0.069,5,987,526,25523,1,0,0,2.56846473
573,531153134,0.008,0.04,5,1212,853,19782,1,0,0,2.75708502
574,531154412,0.012,0.04,5,1490,961,21100,1,0,0,2.598393574
575,531154466,0.132,0.017,5,993,521,23243,1,0,0,2.397435897
576,531155971,0.098,0.102,5,556,476,22313,1,0,0,2.409836066
577,531156196,0.012,0.02,5,1150,605,23903,1,0,0,2.332
578,531157556,0.008,0.028,5,511,746,23342,1,0,0,2.483870968
579,531158939,0.116,0.024,5,810,668,21569,1,0,0,2.649193548
580,531160150,0.012,0.048,5,1330,688,22188,1,0,0,2.726907631
581,531165847,0.02,0.036,5,503,570,19364,1,0,0,2.308
582,531166864,0.024,0.032,5,1080,841,24746,1,0,0,2.357429719
583,531167072,0.024,0.036,5,1459,1029,21906,1,0,0,2.610441767
584,531170783,0.008,0.012,5,820,537,18389,1,0,0,4.363265306
585,531170807,0.012,0.02,5,482,428,21256,1,0,0,2.32388664
586,531217335,0.012,0.02,5,589,468,21224,1,0,0,2.346774194
587,531218934,0.012,0.044,5,1077,557,19905,1,0,0,2.546558704
588,531219372,0.028,0.036,5,851,900,24161,1,0,0,2.325301205
589,531230127,0.012,0.016,5,963,649,22171,1,0,0,2.34939759
590,531237552,0.012,0.02,5,914,838,21596,1,0,0,2.189516129
591,531240150,0.032,0.112,5,935,574,23341,1,0,0,2.265060241
592,531250998,0.112,0.028,5,1404,1078,23622,1,0,0,2.348178138
593,535781152,0.112,0.016,5,1172,914,21485,0,0,0,2.67611336
594,538453053,242.75,0,2,0,10,37,0,0,0,1.818181818
595,539052577,1.936,0.452,3,5810,5939,3580,0,0,0,1.4
596,539157095,0.208,0.62,3,8326,7718,3660,0,0,0,1.456
597,542163896,1.54,0.452,3,5638,5269,3510,0,0,0,1.485943775
598,542412215,2497.333,0.278,1,51,4,18,1,0,0,1.176470588
599,545647644,115.739,0.13,1,575,2,23,0,0,0,1
600,545708233,2.277,0.715,3,4826,4052,2854,0,0,0,1.413654618
601,548300100,0.004,0.016,1,799,13,518,1,0,0,1.204255319
602,549394334,14.822,0.259,5,4269,2478,13644,1,0,0,1.148471616
603,559842571,0.632,0.409,3,5201,4276,3711,1,0,0,1.085020243
604,569193926,49.231,0,2,0,1,13,1,0,0,1.181818182
605,569994470,2861.299,3.427,1,73,31,157,1,0,0,1.495575221
606,570726762,0.738,1.383,3,4964,5003,5147,1,0,0,1.282258065
607,576226470,0.711,1.072,3,6596,6109,4305,1,0,0,1.156626506
608,576917802,3.312,0.872,3,9478,8656,9097,1,0,0,1.53815261
609,580925947,1.332,1.804,3,13139,11750,8538,1,0,0,1.096
610,585411607,0.47,0.976,3,5128,4250,4512,1,0,0,1.305220884
611,585624973,0.96,2.226,3,7684,6446,5650,1,0,0,1.125
612,585856581,0.839,2.29,3,9796,8422,3977,1,0,0,1.052419355
613,585956153,1.348,0.776,3,10373,10979,10779,1,0,0,1.449799197
614,586123464,0.777,1.211,3,7798,6588,5133,1,0,0,1.279352227
615,605294402,0,3,1,0,3,1,0,0,0,1
616,613617309,5.446,2.839,3,16312,13798,2577,0,0,0,1.265060241
617,616211479,99.269,0.015,1,559,26,67,1,0,0,1.090909091
618,617486653,0.038,0,1,242,4,26,1,0,0,1.166666667
619,619027215,1.185,2.867,3,12883,12859,2494,0,0,0,1.274193548
620,621555892,0,0,1,241,1,29,1,0,0,1.068965517
621,626820204,0,0.667,1,0,8,3,0,0,0,2.5
622,703914774,0,0,8,209,290,295,0,1,0,1.852
623,707991344,0.04,0.036,5,1583,389,17219,1,0,0,4.189516129
624,711479551,0.016,0.012,5,1467,309,16364,1,0,0,4.417670683
625,711494346,0.187,0.021,5,554,475,18105,1,0,0,4.610878661
626,711547033,0.086,0.025,5,1729,563,19888,1,0,0,4.417355372
627,721305198,72.125,0.042,2,340,14,27,1,0,0,1.842105263
628,766190970,110.136,0.013,2,302,32,262,1,0,0,2.693877551
629,773903504,0,0,1,170,6,26,1,0,0,1.25
630,817101949,1636.197,0.066,2,0,17,80,1,0,0,2.076923077
631,845770021,69.182,0.273,1,0,1,11,1,0,0,1
632,869150966,6.726,0.904,1,0,1495,73,0,0,0,1.184615385
633,909766628,306.553,0.289,1,0,28,38,1,0,0,1.8125
634,915389299,427.286,0.048,2,6,12,23,0,0,1,1.5
635,926780918,0.072,0.1,5,786,686,2030,0,0,0,2.362694301
636,949652516,0.086,0.029,5,531,560,23072,1,0,0,2.25
637,956473088,0.024,0.04,5,578,603,98272,0,0,0,1.129554656
638,962735887,0.027,0.041,7,164,46,74,1,1,0,4.1875
639,968615329,473.825,0.163,2,400,51,89,1,0,0,1.376811594
640,969672378,1554.404,1.096,2,242,19,56,1,0,0,1.395833333
641,982414274,0.012,0.041,5,1356,416,21709,1,0,0,2.552301255
642,1013031680,0.024,0.02,5,1289,520,15005,1,0,0,4.369477912
643,1013213588,679.882,0,1,762,9,17,1,0,0,1.2
644,1021573561,0.048,0.272,3,169,192,1577,1,0,0,1.016064257
645,1103129532,1137.673,0,2,0,5,55,1,0,0,1.279069767
646,1103573989,2617.943,0.114,2,0,5,36,1,0,0,1.958333333
647,1119638359,0.328,0,5,88,20,3903,0,0,0,1.538095238
648,1124807293,0.037,0.148,1,206,8,27,1,0,0,1
649,1127237954,0,0.174,1,220,4,23,1,0,0,1
650,1129940900,0.071,0.143,1,181,4,14,1,0,0,1
651,1169254332,0.012,0.04,5,1017,386,20368,1,0,0,2.24
652,1174403390,0,0.04,1,152,9,25,1,0,0,1.260869565
653,1174413920,713.524,0.095,1,158,5,21,1,0,0,1.352941176
654,1174804556,599.28,0.04,1,159,3,25,1,0,0,1.304347826
655,1190158771,0.04,0.028,5,1585,336,19615,1,0,0,2.576612903
656,1207835467,0,0,1,30,1,4,1,0,0,1.333333333
657,1208229229,0,0,1,36,1,4,1,0,0,1
658,1273211215,0.478,1.263,3,1861,2930,3309,0,0,0,1
659,1303391600,0.646,0.976,3,3443,3555,5220,1,1,0,1.182926829
660,1367040230,0,0,1,19,1,1,1,0,0,1
661,1369249873,0,0,1,26,0,2,1,0,0,1
662,1369408290,0,0,1,27,0,7,1,0,0,1
663,1369480706,0,0,1,28,0,3,1,0,0,1
664,1370348599,0,0,1,20,1,2,1,0,0,1
665,1372026204,0.168,0.244,5,3514,11145,27271,0,0,0,1.188284519
666,1372882284,28.1,0.028,5,545,492,1959,1,0,0,1.048192771
667,1373641104,0,0,1,15,0,2,1,0,0,1
668,1380853662,0,0,1,14,0,1,1,0,0,1
669,1382419244,0,0,1,13,0,2,1,0,0,2
670,1386549638,0,0,1,15,0,2,1,0,0,1
671,1387393236,0,0,1,16,0,2,1,0,0,4
672,1388028872,0,0,1,12,0,1,1,0,0,1
673,1388819528,0,0,1,17,3,1,1,0,0,1
674,1391622127,0,0,1,14,0,2,1,0,0,1
675,1424964542,0.812,0.86,3,357,993,2256,0,0,0,1.091286307
676,1517148602,0.292,0.108,5,543,207,5622,1,1,0,1.52195122
677,1518824575,676.056,0,2,0,1,19,1,0,0,2.083333333
678,1532898176,0,0,2,0,0,4,1,0,0,1.333333333
679,1536537319,14.236,0.06,3,1109,546,3942,0,1,0,1.155844156
680,1568510904,516.644,0.047,2,0,29,214,1,0,0,1.204678363
681,1580244270,0.028,0.036,5,84,6416,41360,0,0,0,1.073170732
682,1699325190,0.016,0.048,5,1625,249,18028,0,0,0,2.502008032
683,1703777425,1640.346,0.038,2,0,2,30,1,0,0,1.6
684,1857062660,383.703,0.328,2,0,15,68,1,0,0,1.551020408
685,1858638313,0.048,0.04,5,972,177,1106,0,0,0,1.209677419
686,1870952172,0,0,2,25,0,5,0,0,0,1
687,1907435238,0.048,0.004,7,205,515,44766,0,0,0,1.16
688,2183757256,0.02,0.02,5,729,240,1071,0,0,0,1.116
689,2212593386,38.893,0.034,4,191,58,178,0,0,0,2.902654867
690,2231823601,0.008,0.02,5,86,23,294,0,0,0,1.128
691,2234906166,134.922,0.447,2,370,136,349,1,1,0,1.288372093
692,2260177964,2274.068,0,2,310,22,51,1,0,0,1.157894737
693,2262529256,4034.4,0.2,2,395,92,854,1,0,0,12.65909091
694,2263955958,262.511,0.111,2,0,5,48,1,0,0,1.735294118
695,2264854836,2951.254,0.149,2,0,19,71,1,0,0,1.482142857
696,2266193642,8.186,0.05,4,0,80,140,0,0,0,8.545454545
697,2268586645,4.4,1.384,3,5757,7388,2584,0,0,0,1.375510204
698,2268606518,0.285,0.948,3,72,100,2289,0,0,0,1.321285141
699,2268625764,5.862,4.089,3,12812,13927,2788,0,0,0,1.317073171
700,2274254095,4.663,1.191,3,7054,8487,2716,0,0,0,1.24796748
701,2277224702,0.912,1.763,3,7664,8397,2597,0,0,0,1.357429719
702,2281419193,0.558,1.213,3,3333,3920,2557,0,0,0,1.358870968
703,2281719673,1.132,2.708,3,3740,5778,2537,0,0,0,1.279835391
704,2348957142,0.037,0.059,4,186,31,136,0,0,0,7.304347826
705,2350056632,0.032,0.113,4,190,32,124,0,0,0,7.536585366
706,2350477716,0.038,0.031,4,184,37,130,0,0,0,8.609756098
707,2350916618,0.071,0.071,4,185,36,141,0,0,0,9.325
708,2350961034,0.042,0.059,4,173,30,118,0,0,0,9.184210526
709,2351219077,0.027,0.073,4,179,35,110,0,0,0,8.885714286
710,2351559656,63.066,0.029,4,845,120,136,0,0,0,8.097560976
711,2351824118,20.371,0.233,4,818,110,116,0,0,0,7.073170732
712,2351935423,0.031,0.031,4,184,30,129,0,0,0,13.69767442
713,2352008196,24.336,0.035,4,1295,139,143,0,0,0,8.333333333
714,2352067280,62.748,0.043,4,1029,182,140,0,0,0,7.25
715,2352110226,0.044,0.036,4,190,27,137,0,0,0,7.666666667
716,2352158130,0.03,0.038,4,187,35,132,0,0,0,16.28205128
717,2352159972,0.032,0.032,4,175,34,94,0,0,0,9.172413793
718,2352187580,1060.176,0,4,839,124,2517,0,0,0,1.022727273
719,2352207456,0.026,0.06,4,194,36,117,0,0,0,10.44117647
720,2352247068,0.022,0.082,4,167,33,134,0,0,0,7.926829268
721,2352702752,0.043,0.051,4,183,31,138,0,0,0,8.536585366
722,2352739142,0.009,0.017,4,179,72,117,0,0,0,10.52777778
723,2352828182,0.056,0.065,4,185,26,124,0,0,0,11.2972973
724,2352831228,0.045,0.061,4,191,45,132,0,0,0,13.78947368
725,2352846920,3.024,0.094,4,1105,102,127,0,0,0,8.095238095
726,2353047476,0.026,0.035,4,186,36,114,0,0,0,9.5
727,2353260758,0.043,0.051,4,199,33,117,0,0,0,7.380952381
728,2353351447,0.023,0.068,4,157,26,133,0,0,0,12.4
729,2353400918,19.136,0.058,4,881,99,154,0,0,0,7.222222222
730,2353562042,19.428,0.055,4,702,92,145,0,0,0,7.31372549
731,2353568059,57.779,0.06,4,584,73,149,0,0,0,8.52
732,2353578306,0.026,0.059,4,187,39,153,0,0,0,8.170212766
733,2353624196,3.921,0.137,4,1311,148,139,0,0,0,9.244897959
734,2353718966,0.057,0.082,4,163,31,122,0,0,0,12.44444444
735,2354063478,0,0.043,4,197,31,117,0,0,0,9.277777778
736,2354069323,0.043,0.036,4,191,28,138,0,0,0,6.5
737,2354084184,0.045,0.038,4,170,35,132,0,0,0,9.282051282
738,2354116309,0.02,0.04,4,174,33,100,0,0,0,7.588235294
739,2354194003,0.04,0.063,4,173,31,126,0,0,0,14.63636364
740,2354254531,0.008,0.031,4,176,30,128,0,0,0,15
741,2354667518,0.045,0.045,4,177,30,134,0,0,0,9.720930233
742,2354826618,0.036,0.036,4,168,36,112,0,0,0,9.138888889
743,2354846455,68.308,0.09,4,1198,122,134,0,0,0,13.84313725
744,2355003306,0.045,0.068,4,162,30,132,0,0,0,12.83333333
745,2355068754,0.05,0.05,4,175,32,120,0,0,0,9.111111111
746,2355678560,0.083,0.066,4,188,26,121,0,0,0,17.6
747,2355838308,0.008,0.05,4,193,26,120,0,0,0,9.657894737
748,2355860940,0.06,0.03,4,173,35,134,0,0,0,8.675
749,2355930697,58.57,0.086,4,823,118,128,0,0,0,7.285714286
750,2356086913,0.026,0.052,4,181,34,116,0,0,0,9.555555556
751,2356197007,0.068,0.107,4,173,31,103,0,0,0,8.424242424
752,2356911834,0.026,0.026,4,181,31,117,0,0,0,8.214285714
753,2356992192,0.02,0.069,4,162,23,101,0,0,0,8.588235294
754,2357047370,0.021,0.031,4,177,33,97,0,0,0,7.352941176
755,2357051431,0.075,0.047,4,171,43,106,0,0,0,7.944444444
756,2357317176,0.033,0.058,4,191,27,121,0,0,0,8.023255814
757,2357427223,22.469,0.035,4,888,119,113,0,0,0,6.951219512
758,2357496132,4.667,0.043,4,0,78,117,0,0,0,9.052631579
759,2357889667,0.046,0.037,4,175,41,109,0,0,0,9.6875
760,2357907529,0.034,0.069,4,176,36,116,0,0,0,7.536585366
761,2358098166,64.373,0.042,4,899,112,118,0,0,0,8.2
762,2358208177,0.022,0.065,4,182,30,92,0,0,0,10.76923077
763,2358250249,0.048,0.06,4,177,35,84,0,0,0,7.068965517
764,2358663804,0.05,0.075,4,170,34,120,0,0,0,9.421052632
765,2358710996,0.045,0.036,4,183,25,112,0,0,0,9.264705882
766,2359711226,0.049,0.073,4,181,29,82,0,0,0,7.592592593
767,2360091846,0.057,0.057,4,173,21,88,0,0,0,7.096774194
768,2360182716,0.029,0.067,4,175,35,104,0,0,0,10.75
769,2360206722,0.034,0.077,4,154,33,117,0,0,0,8.27027027
770,2360228768,17.692,0.085,4,803,102,117,0,0,0,8.133333333
771,2360251669,0.043,0.043,4,184,30,116,0,0,0,11.5
772,2360482604,0.034,0.068,4,161,24,88,0,0,0,9.133333333
773,2360648678,21.928,0.153,4,628,85,112,0,0,0,8.414634146
774,2361319741,0.071,0.061,4,168,22,98,0,0,0,7.028571429
775,2361352586,0.034,0.034,4,164,37,89,0,0,0,9.607142857
776,2361587412,0.071,0.06,4,167,40,84,0,0,0,9.538461538
777,2361675468,0.081,0.093,4,150,33,86,0,0,0,7.821428571
778,2361700004,0.025,0.062,4,155,32,80,0,0,0,9.62962963
779,2361704293,0.032,0.129,4,165,35,93,0,0,0,9.5625
780,2362227691,0.041,0.092,4,181,43,98,0,0,0,9.9375
781,2362315692,0.023,0.023,4,165,26,88,0,0,0,7.161290323
782,2362425720,0.066,0.066,4,178,40,106,0,0,0,8.820512821
783,2362544011,0.019,0.029,4,153,18,103,0,0,0,9.742857143
784,2362599654,85.215,0.151,4,772,153,93,0,0,0,6.25
785,2362667418,0.038,0.133,4,171,29,105,0,0,0,14.64516129
786,2363203543,0.02,0.049,4,169,43,102,0,0,0,10.05882353
787,2363279784,0.03,0.051,4,183,26,99,0,0,0,7.971428571
788,2363464135,0,0.046,4,164,39,109,0,0,0,11.20588235
789,2363606850,29.776,0.052,4,992,141,117,0,0,0,7.85
790,2363643973,0.039,0.029,4,164,29,103,0,0,0,7.484848485
791,2364065282,0.035,0.061,4,181,39,115,0,0,0,10.54054054
792,2364236432,0.011,0.053,4,182,37,95,0,0,0,7.566666667
793,2364278676,0.057,0.057,4,182,25,105,0,0,0,8.648648649
794,2366113250,0.049,0.02,4,176,26,102,0,0,0,14.71875
795,2366546125,0.089,0.065,4,163,24,123,0,0,0,8.41025641
796,2366559954,0.035,0.035,4,185,40,113,0,0,0,7.947368421
797,2366598108,0.028,0.028,4,166,30,108,0,0,0,9.393939394
798,2368471386,0.019,0.057,4,183,28,105,0,0,0,14.90322581
799,2368720850,0.021,0.063,4,195,33,95,0,0,0,11.5625
800,2370390223,25.44,0.112,4,1236,191,134,0,0,0,11.93333333
801,2370729744,10.408,0.108,4,919,106,121,0,0,0,7.921052632
802,2370793416,0.042,0.1,4,172,37,120,0,0,0,9.189189189
803,2370874855,0.036,0.054,4,173,28,112,0,0,0,8.638888889
804,2371056121,0.045,0.081,4,171,50,111,0,0,0,12.52941176
805,2371108268,0.055,0.036,4,171,42,110,0,0,0,11.68965517
806,2372253000,0.056,0.019,4,152,23,107,0,0,0,6.743589744
807,2372328596,0.064,0.046,4,188,33,109,0,0,0,9.676470588
808,2372355884,0.024,0.04,4,157,28,125,0,0,0,13.02941176
809,2372365974,0.051,0.042,4,190,25,118,0,0,0,10.36111111
810,2372957832,0.025,0.059,4,197,44,118,0,0,0,11.69230769
811,2372968790,0.033,0.041,4,165,23,121,0,0,0,8.567567568
812,2374328761,0.11,0.073,4,159,19,82,0,0,0,7.333333333
813,2374446264,0.078,0.068,4,169,28,103,0,0,0,8.03125
814,2374553130,0.067,0.04,4,159,23,75,0,0,0,9.181818182
815,2375209765,0.033,0.022,4,167,32,91,0,0,0,7.0625
816,2375595570,0.087,0.152,4,173,31,92,0,0,0,12.24
817,2376970520,0.09,0.079,4,180,35,89,0,0,0,10.07142857
818,2377108531,0.031,0.061,4,155,36,98,0,0,0,10.375
819,2377935157,0.024,0.048,4,168,29,84,0,0,0,9.565217391
820,2378476622,0.023,0.047,4,174,17,86,0,0,0,11.625
821,2378812603,0.034,0.08,4,157,26,87,0,0,0,11.66666667
822,2379702133,0.027,0.014,4,163,41,73,0,0,0,8.958333333
823,2380383847,0.066,0.092,4,173,23,76,0,0,0,12.47619048
824,2380732760,0.048,0.058,4,150,35,104,0,0,0,11.41935484
825,2380735502,0.022,0.043,4,164,23,92,0,0,0,13.71428571
826,2380870878,0.038,0.038,4,151,24,79,0,0,0,8.6
827,2380880329,0.057,0.034,4,145,27,87,0,0,0,10.65384615
828,2381212399,0.051,0.026,4,142,22,78,0,0,0,7.333333333
829,2381447276,0.054,0.122,4,153,33,74,0,0,0,7.56
830,2382299202,0.054,0.068,4,180,41,74,0,0,0,7.875
831,2382480786,0.045,0.034,4,147,22,88,0,0,0,8.535714286
832,2382818402,0.025,0.062,4,164,25,81,0,0,0,6.821428571
833,2383162592,0.023,0.034,4,176,26,88,0,0,0,8.833333333
834,2383403694,0.054,0.108,4,141,32,74,0,0,0,9.56
835,2383725247,0.01,0.039,4,175,27,102,0,0,0,10.4137931
836,2384187024,0.033,0.044,4,172,35,91,0,0,0,7.833333333
837,2384243040,0.042,0.028,4,160,38,71,0,0,0,7.333333333
838,2384614712,0.033,0.109,4,161,27,92,0,0,0,9.321428571
839,2384657844,0.012,0.012,4,157,22,83,0,0,0,8.933333333
840,2384784373,0.014,0.041,4,160,30,73,0,0,0,6.923076923
841,2384832716,411.611,0.158,4,489,96,95,0,0,0,8.363636364
842,2385017492,19.209,0.044,4,900,70,91,0,0,0,8.4
843,2386012454,0.012,0.098,4,142,31,82,0,0,0,9.185185185
844,2386538774,0.062,0.111,4,154,31,81,0,0,0,8.678571429
845,2391867347,2.977,0.409,4,43,7,45,1,1,0,1.186046512
846,2392882105,0.012,0.008,5,84,20,795,0,0,0,1.036
847,2448331436,302.884,0.222,2,0,38,266,1,0,0,1.204188482
848,2495663488,1575.048,0.434,2,0,0,85,1,0,0,1.806451613
849,2558753784,0.008,0.016,7,38,41,2770,0,0,0,1.444
850,2577279787,0.032,0.016,7,128,191,35948,0,0,0,371.2
851,2579207780,0.012,0.032,7,66,147,9074,0,0,0,3.864
852,2579211932,0.028,0.076,7,48,107,8187,0,0,0,1.725321888
853,2580232604,0.008,0.032,7,115,213,13453,0,0,0,3.698198198
854,2580268597,0.024,0.056,7,122,215,13570,0,0,0,1.512
855,2580592724,3704.864,0.091,2,0,4,24,1,0,0,2.066666667
856,2581844526,0.016,0.044,7,113,208,14869,0,0,0,3.819742489
857,2583735798,0.02,0.036,7,80,248,9162,0,0,0,1.636
858,2615946960,0.008,0.036,7,189,226,27003,0,0,0,3.995951417
859,2645582425,0.028,0.076,7,82,243,17203,0,0,0,2.092
860,2645788448,0,0.108,7,86,198,11188,0,0,0,2.16194332
861,2647655401,0,0.02,7,137,189,49175,0,0,0,3.768518519
862,2677641872,0.016,0.028,7,89,267,13377,0,0,0,3.016064257
863,2677896769,0.012,0.02,7,60,137,5317,0,0,0,2.924
864,2700434262,0.008,0.004,7,92,113,74785,0,0,0,2.102040816
865,2723773225,0.016,0.024,7,89,119,19236,0,0,0,3.754098361
866,2732397842,0.004,0,7,56,104,22150,0,0,0,84.90243902
867,2732446718,0,0,7,86,66,11805,0,0,0,1.084677419
868,2766113040,0.032,0.076,7,28,40,4958,1,0,0,1.052208835
869,2766137106,0.004,0.072,7,57,73,6170,0,0,0,3.012048193
870,2766181627,0.016,0.06,7,44,115,8231,1,0,0,2.504237288
871,2785373829,0.02,0.028,7,30,224,32451,0,0,0,3.296137339
872,2786138968,0.012,0.04,7,44,176,64849,0,0,0,2.671171171
873,2786184251,0.028,0.088,7,12,68,35757,0,0,0,2.097046414
874,2786192464,0.008,0.012,7,30,132,41375,0,0,0,4.39380531
875,2786943825,0.008,0.012,7,84,199,51966,0,0,0,71.76923077
876,2786980305,0.032,0.04,7,60,179,53691,0,0,0,3.550898204
877,2787014584,0.016,0.032,7,25,195,34197,0,0,0,3.187793427
878,2787053566,0.008,0.048,7,45,215,36992,0,0,0,1.204
879,2787057239,0.036,0.036,7,78,341,69127,0,0,0,2.144680851
880,2790626649,1938.5,0,2,120,16,11,1,0,0,1.857142857
881,2791704203,0.012,0.032,7,93,298,37742,0,0,0,4.333333333
882,2813786985,0.008,0.032,7,11,46,46211,1,0,0,2.012
883,2814135472,0.008,0.016,7,7,69,49777,1,0,0,1.995967742
884,2814893105,0.068,0.044,7,65,194,69261,1,0,0,152.5555556
885,2815531324,0.008,0.02,7,11,55,39666,1,0,0,1.561403509
886,2815546623,0.02,0.016,7,17,43,43827,1,0,0,1.451219512
887,2815655381,0.02,0.036,7,12,31,28913,1,0,0,2.182926829
888,2815669702,0.024,0.032,7,11,118,22516,1,0,0,2.424107143
889,2881189474,0.004,0.008,7,12,47,13178,1,0,0,3.39380531
890,2882469599,0,0.112,7,53,195,19025,0,0,0,3.065116279
891,2888024378,706.153,2.077,2,851,198,34523,0,0,0,3.727272727
892,2910051577,903.516,0,2,0,2,34,1,0,0,1.80952381
893,2935209041,0.02,0.024,7,60,143,29699,0,0,0,3.507692308
894,2942470996,0.06,0.16,7,38,25,10091,1,0,0,1.316
895,2966279225,0.008,0.056,7,64,59,131228,1,0,0,4.299578059
896,2967468803,0,0.02,7,137,225,80295,1,0,0,1.168
897,2972849692,0.004,0,7,598,528,76578,1,0,0,2.792
898,2974415139,0.02,0.092,7,154,145,68055,1,0,0,2.18442623
899,2998463923,23.165,0.447,2,845,58,89,1,0,0,1.382352941
900,3032781021,0.008,0,7,77,73,58903,0,0,0,2.085714286
901,3042874674,43.824,0,2,0,0,20,1,0,0,2.153846154
902,3055225969,0.012,0.012,7,0,4,772,1,0,0,1.069958848
903,3153362979,1.84,0.036,7,52,253,10070,0,0,0,3.012875536
904,3157341339,0,0.004,7,64,182,40698,0,0,0,7.505882353
905,3165893411,0.032,0.04,7,104,269,48823,1,0,0,178.8461538
906,3167942682,0.032,0.04,7,45,186,16141,0,0,0,1.88
907,3167950890,0.448,0.06,7,47,138,32432,0,0,0,3.407894737
908,3167962440,0,0.004,7,95,70,14526,0,0,0,1.24
909,3167964494,0.012,0.012,7,98,65,8715,0,0,0,1.552
910,3167971386,0.004,0.012,7,99,44,16316,0,0,0,1.181069959
911,3167992778,0.008,0.024,7,33,181,20035,0,0,0,3.568
912,3168018530,0.008,0.016,7,86,42,4009,0,0,0,2.74025974
913,3168022627,0.016,0.008,7,48,98,24500,0,0,0,1.68
914,3168028789,0.004,0.02,7,45,196,16798,0,0,0,2.451327434
915,3168029725,0.004,0.056,7,39,204,26012,0,0,0,3.110132159
916,3168040651,0.008,0.032,7,62,119,16877,0,0,0,3.576923077
917,3168041323,0.012,0.04,7,90,77,25064,0,0,0,1.56
918,3168042265,0.008,0.024,7,65,116,30644,0,0,0,2.666666667
919,3168043903,0.024,0.068,7,91,157,20100,0,0,0,2.721030043
920,3168044893,0.016,0.048,7,63,131,22373,0,0,0,2.458715596
921,3168047107,0.044,0.068,7,0,77,7687,0,0,0,3.012295082
922,3193988145,72.824,6.324,2,366,499,1489,0,0,0,2.125
923,3227904608,0.048,0.048,7,7,3,42,1,0,0,1.292682927
924,3229520827,0.043,0.065,7,3,4,46,1,0,0,1.318181818
925,3229551091,0.323,0.097,7,4,3,31,1,0,0,1.333333333
926,3231014982,0.008,0.016,7,84,118,18620,0,0,0,106.0571429
927,3231291522,0.051,0.103,7,3,3,39,1,0,0,1.567567568
928,3231315638,0.068,0,7,68,202,36254,0,0,0,614.5454545
929,3231842864,0.06,0,7,64,115,21370,0,0,0,98.05263158
930,3231874357,0.04,0.088,7,35,98,21265,0,0,0,1.656903766
931,3231879564,0.028,0.08,7,43,119,8376,0,0,0,2.084
932,3231976172,0.012,0.016,7,47,128,20763,0,0,0,71.23255814
933,3232215462,0.008,0.032,7,23,102,15447,0,0,0,2.630434783
934,3234328321,0.158,0.105,7,3,3,38,1,0,0,1.583333333
935,3235009453,0.008,0.032,7,45,152,18141,0,0,0,2.698275862
936,3235105898,0.032,0.068,7,65,169,15750,0,0,0,2.276595745
937,3238777032,0.012,0.02,7,71,136,102704,0,0,0,1.020080321
938,3302446791,0.038,0.038,7,5,4,53,1,0,0,1.294117647
939,3302525926,0.049,0.049,7,0,2,41,1,0,0,1.365853659
940,3302530024,0.568,0.045,7,0,2,44,1,0,0,1.340909091
941,3303491711,0.042,0.042,7,7,4,48,1,0,0,1.434782609
942,3305460917,0.051,0.128,7,4,7,39,1,0,0,1.578947368
943,3307816547,0.043,0.261,7,8,3,46,1,0,0,1.386363636
944,3308945967,0.059,0.059,7,10,3,34,1,0,0,1.8125
945,4299178814,1427.5,0,2,26,0,4,1,0,0,1
946,4331279781,0.164,0.08,7,346,184,6721,1,0,0,1.743478261
947,4778298479,2195.594,0.438,2,141,9,36,1,0,0,1.695652174
